-- MySQL dump 10.13  Distrib 8.0.19, for Win64 (x86_64)
--
-- Host: 127.0.0.1    Database: qlda
-- ------------------------------------------------------
-- Server version	8.0.44

/*!40101 SET @OLD_CHARACTER_SET_CLIENT=@@CHARACTER_SET_CLIENT */;
/*!40101 SET @OLD_CHARACTER_SET_RESULTS=@@CHARACTER_SET_RESULTS */;
/*!40101 SET @OLD_COLLATION_CONNECTION=@@COLLATION_CONNECTION */;
/*!50503 SET NAMES utf8mb4 */;
/*!40103 SET @OLD_TIME_ZONE=@@TIME_ZONE */;
/*!40103 SET TIME_ZONE='+00:00' */;
/*!40014 SET @OLD_UNIQUE_CHECKS=@@UNIQUE_CHECKS, UNIQUE_CHECKS=0 */;
/*!40014 SET @OLD_FOREIGN_KEY_CHECKS=@@FOREIGN_KEY_CHECKS, FOREIGN_KEY_CHECKS=0 */;
/*!40101 SET @OLD_SQL_MODE=@@SQL_MODE, SQL_MODE='NO_AUTO_VALUE_ON_ZERO' */;
/*!40111 SET @OLD_SQL_NOTES=@@SQL_NOTES, SQL_NOTES=0 */;

--
-- Table structure for table `columns`
--

DROP TABLE IF EXISTS `columns`;
/*!40101 SET @saved_cs_client     = @@character_set_client */;
/*!50503 SET character_set_client = utf8mb4 */;
CREATE TABLE `columns` (
  `id` varchar(36) NOT NULL,
  `name` varchar(255) NOT NULL,
  `order` int NOT NULL DEFAULT '0',
  `project_id` varchar(36) DEFAULT NULL,
  PRIMARY KEY (`id`),
  KEY `FK_ad83764ca1d841f43830f93b787` (`project_id`),
  CONSTRAINT `FK_ad83764ca1d841f43830f93b787` FOREIGN KEY (`project_id`) REFERENCES `projects` (`id`) ON DELETE CASCADE
) ENGINE=InnoDB DEFAULT CHARSET=utf8mb4 COLLATE=utf8mb4_0900_ai_ci;
/*!40101 SET character_set_client = @saved_cs_client */;

--
-- Dumping data for table `columns`
--

LOCK TABLES `columns` WRITE;
/*!40000 ALTER TABLE `columns` DISABLE KEYS */;
INSERT INTO `columns` VALUES ('44444444-4444-4444-4444-444444444441','Sprint 1',0,'22222222-2222-2222-2222-222222222221'),('44444444-4444-4444-4444-444444444442','Sprint 2',1,'22222222-2222-2222-2222-222222222221'),('44444444-4444-4444-4444-444444444443','Sprint 3',2,'22222222-2222-2222-2222-222222222221'),('44444444-4444-4444-4444-444444444444','Sprint 1',0,'22222222-2222-2222-2222-222222222223'),('44444444-4444-4444-4444-444444444445','Sprint 2',1,'22222222-2222-2222-2222-222222222223'),('44444444-4444-4444-4444-444444444446','Sprint 3',2,'22222222-2222-2222-2222-222222222223'),('44444444-4444-4444-4444-444444444447','Sprint 1',0,'22222222-2222-2222-2222-222222222224'),('44444444-4444-4444-4444-444444444448','Sprint 2',1,'22222222-2222-2222-2222-222222222224'),('44444444-4444-4444-4444-444444444449','Sprint 3',2,'22222222-2222-2222-2222-222222222224'),('44444444-4444-4444-4444-44444444444a','Sprint 1',0,'22222222-2222-2222-2222-222222222225'),('44444444-4444-4444-4444-44444444444b','Sprint 2',1,'22222222-2222-2222-2222-222222222225'),('44444444-4444-4444-4444-44444444444c','Sprint 3',2,'22222222-2222-2222-2222-222222222225'),('44444444-4444-4444-4444-44444444444d','Sprint 1',0,'22222222-2222-2222-2222-222222222226'),('44444444-4444-4444-4444-44444444444e','Sprint 2',1,'22222222-2222-2222-2222-222222222226'),('44444444-4444-4444-4444-44444444444f','Sprint 3',2,'22222222-2222-2222-2222-222222222226');
/*!40000 ALTER TABLE `columns` ENABLE KEYS */;
UNLOCK TABLES;

--
-- Table structure for table `comment_mentions`
--

DROP TABLE IF EXISTS `comment_mentions`;
/*!40101 SET @saved_cs_client     = @@character_set_client */;
/*!50503 SET character_set_client = utf8mb4 */;
CREATE TABLE `comment_mentions` (
  `comment_id` varchar(36) NOT NULL,
  `user_id` varchar(36) NOT NULL,
  PRIMARY KEY (`comment_id`,`user_id`),
  KEY `IDX_9ac3fac766fa09176e5c53e4d3` (`comment_id`),
  KEY `IDX_a29d739a2d28fb38b8b591f815` (`user_id`),
  CONSTRAINT `FK_9ac3fac766fa09176e5c53e4d3f` FOREIGN KEY (`comment_id`) REFERENCES `comments` (`id`) ON DELETE CASCADE ON UPDATE CASCADE,
  CONSTRAINT `FK_a29d739a2d28fb38b8b591f8152` FOREIGN KEY (`user_id`) REFERENCES `users` (`id`) ON DELETE CASCADE ON UPDATE CASCADE
) ENGINE=InnoDB DEFAULT CHARSET=utf8mb4 COLLATE=utf8mb4_0900_ai_ci;
/*!40101 SET character_set_client = @saved_cs_client */;

--
-- Dumping data for table `comment_mentions`
--

LOCK TABLES `comment_mentions` WRITE;
/*!40000 ALTER TABLE `comment_mentions` DISABLE KEYS */;
INSERT INTO `comment_mentions` VALUES ('88888888-8888-8888-8888-888888888882','22222222-2222-2222-2222-222222222222'),('88888888-8888-8888-8888-888888888884','33333333-3333-3333-3333-333333333333'),('88888888-8888-8888-8888-888888888886','44444444-4444-4444-4444-444444444444'),('88888888-8888-8888-8888-888888888888','22222222-2222-2222-2222-222222222222'),('88888888-8888-8888-8888-888888888888','44444444-4444-4444-4444-444444444444'),('88888888-8888-8888-8888-88888888888a','22222222-2222-2222-2222-222222222222'),('88888888-8888-8888-8888-88888888888c','44444444-4444-4444-4444-444444444444'),('88888888-8888-8888-8888-88888888888f','77777777-7777-7777-7777-777777777777'),('88888888-8888-8888-8888-888888888893','22222222-2222-2222-2222-222222222222'),('88888888-8888-8888-8888-88888888889b','77777777-7777-7777-7777-777777777777');
/*!40000 ALTER TABLE `comment_mentions` ENABLE KEYS */;
UNLOCK TABLES;

--
-- Table structure for table `comments`
--

DROP TABLE IF EXISTS `comments`;
/*!40101 SET @saved_cs_client     = @@character_set_client */;
/*!50503 SET character_set_client = utf8mb4 */;
CREATE TABLE `comments` (
  `id` varchar(36) NOT NULL,
  `content` text NOT NULL,
  `user_id` varchar(255) NOT NULL,
  `task_id` varchar(255) NOT NULL,
  `file_url` varchar(255) DEFAULT NULL,
  `created_at` timestamp(6) NOT NULL DEFAULT CURRENT_TIMESTAMP(6),
  `updated_at` timestamp(6) NOT NULL DEFAULT CURRENT_TIMESTAMP(6) ON UPDATE CURRENT_TIMESTAMP(6),
  PRIMARY KEY (`id`),
  KEY `IDX_8e7c9a36c0ac867b543c6509aa` (`created_at`),
  KEY `IDX_4c675567d2a58f0b07cef09c13` (`user_id`),
  KEY `IDX_18c2493067c11f44efb35ca0e0` (`task_id`),
  CONSTRAINT `FK_18c2493067c11f44efb35ca0e03` FOREIGN KEY (`task_id`) REFERENCES `tasks` (`id`) ON DELETE CASCADE,
  CONSTRAINT `FK_4c675567d2a58f0b07cef09c13d` FOREIGN KEY (`user_id`) REFERENCES `users` (`id`) ON DELETE CASCADE
) ENGINE=InnoDB DEFAULT CHARSET=utf8mb4 COLLATE=utf8mb4_0900_ai_ci;
/*!40101 SET character_set_client = @saved_cs_client */;

--
-- Dumping data for table `comments`
--

LOCK TABLES `comments` WRITE;
/*!40000 ALTER TABLE `comments` DISABLE KEYS */;
INSERT INTO `comments` VALUES ('88888888-8888-8888-8888-888888888881','Tôi đã hoàn thành wireframe, mọi người review giúp nhé','22222222-2222-2222-2222-222222222222','66666666-6666-6666-6666-666666666661',NULL,'2025-03-05 10:00:00.000000','2025-03-05 10:00:00.000000'),('88888888-8888-8888-8888-888888888882','Thiết kế đẹp quá!','33333333-3333-3333-3333-333333333333','66666666-6666-6666-6666-666666666661',NULL,'2025-03-05 11:00:00.000000','2025-03-05 11:00:00.000000'),('88888888-8888-8888-8888-888888888883','API đã sẵn sàng để test','33333333-3333-3333-3333-333333333333','66666666-6666-6666-6666-666666666662',NULL,'2025-03-08 14:00:00.000000','2025-03-08 14:00:00.000000'),('88888888-8888-8888-8888-888888888884','Cần thêm validation cho email','44444444-4444-4444-4444-444444444444','66666666-6666-6666-6666-666666666662',NULL,'2025-03-08 15:00:00.000000','2025-03-08 15:00:00.000000'),('88888888-8888-8888-8888-888888888885','Đã implement xong API thêm sản phẩm','44444444-4444-4444-4444-444444444444','66666666-6666-6666-6666-666666666663',NULL,'2025-04-14 16:30:00.000000','2025-04-14 16:30:00.000000'),('88888888-8888-8888-8888-888888888886','Cần test với nhiều sản phẩm hơn','55555555-5555-5555-5555-555555555555','66666666-6666-6666-6666-666666666663',NULL,'2025-04-15 09:00:00.000000','2025-04-15 09:00:00.000000'),('88888888-8888-8888-8888-888888888887','Đã đăng ký tài khoản VNPay thành công','33333333-3333-3333-3333-333333333333','66666666-6666-6666-6666-666666666664',NULL,'2025-04-15 09:30:00.000000','2025-04-15 09:30:00.000000'),('88888888-8888-8888-8888-888888888888','Tài liệu API: https://sandbox.vnpayment.vn/apis/','33333333-3333-3333-3333-333333333333','66666666-6666-6666-6666-666666666664','uploads/vnpay-docs.pdf','2025-04-15 10:00:00.000000','2025-04-15 10:00:00.000000'),('88888888-8888-8888-8888-888888888889','Database đã setup xong','22222222-2222-2222-2222-222222222222','66666666-6666-6666-6666-666666666665',NULL,'2025-03-01 16:00:00.000000','2025-03-01 16:00:00.000000'),('88888888-8888-8888-8888-88888888888a','Pipeline CI/CD hoạt động tốt','44444444-4444-4444-4444-444444444444','66666666-6666-6666-6666-666666666666',NULL,'2025-03-05 17:30:00.000000','2025-03-05 17:30:00.000000'),('88888888-8888-8888-8888-88888888888b','Bắt đầu phân tích database','44444444-4444-4444-4444-444444444444','66666666-6666-6666-6666-666666666667',NULL,'2025-04-05 08:30:00.000000','2025-04-05 08:30:00.000000'),('88888888-8888-8888-8888-88888888888c','Cần thêm bảng điểm số','77777777-7777-7777-7777-777777777777','66666666-6666-6666-6666-666666666667',NULL,'2025-04-05 10:00:00.000000','2025-04-05 10:00:00.000000'),('88888888-8888-8888-8888-88888888888d','API đang được phát triển','77777777-7777-7777-7777-777777777777','66666666-6666-6666-6666-666666666668',NULL,'2025-04-10 09:00:00.000000','2025-04-10 09:00:00.000000'),('88888888-8888-8888-8888-88888888888e','Thiết kế giao diện đã hoàn thành','77777777-7777-7777-7777-777777777777','66666666-6666-6666-6666-666666666669',NULL,'2025-04-12 10:30:00.000000','2025-04-12 10:30:00.000000'),('88888888-8888-8888-8888-88888888888f','Cần responsive cho mobile','88888888-8888-8888-8888-888888888888','66666666-6666-6666-6666-666666666669',NULL,'2025-04-13 11:00:00.000000','2025-04-13 11:00:00.000000'),('88888888-8888-8888-8888-888888888890','Tài liệu yêu cầu đã được phê duyệt','44444444-4444-4444-4444-444444444444','66666666-6666-6666-6666-66666666666a',NULL,'2025-02-28 16:30:00.000000','2025-02-28 16:30:00.000000'),('88888888-8888-8888-8888-888888888891','Đang nghiên cứu kiến trúc','66666666-6666-6666-6666-666666666666','66666666-6666-6666-6666-66666666666b',NULL,'2025-01-12 09:00:00.000000','2025-01-12 09:00:00.000000'),('88888888-8888-8888-8888-888888888892','Bắt đầu phát triển chức năng chuyển tiền','22222222-2222-2222-2222-222222222222','66666666-6666-6666-6666-66666666666c',NULL,'2025-01-15 10:00:00.000000','2025-01-15 10:00:00.000000'),('88888888-8888-8888-8888-888888888893','Cần xử lý transaction','33333333-3333-3333-3333-333333333333','66666666-6666-6666-6666-66666666666c',NULL,'2025-01-16 11:00:00.000000','2025-01-16 11:00:00.000000'),('88888888-8888-8888-8888-888888888894','JWT đã phát triển xong','66666666-6666-6666-6666-666666666666','66666666-6666-6666-6666-66666666666d',NULL,'2025-01-15 14:30:00.000000','2025-01-15 14:30:00.000000'),('88888888-8888-8888-8888-888888888895','OAuth2 đang trong quá trình phát triển','66666666-6666-6666-6666-666666666666','66666666-6666-6666-6666-66666666666d',NULL,'2025-01-20 15:00:00.000000','2025-01-20 15:00:00.000000'),('88888888-8888-8888-8888-888888888896','Đang nghiên cứu Face ID','33333333-3333-3333-3333-333333333333','66666666-6666-6666-6666-66666666666e',NULL,'2025-01-25 10:00:00.000000','2025-01-25 10:00:00.000000'),('88888888-8888-8888-8888-888888888897','Bắt đầu nghiên cứu CNN','77777777-7777-7777-7777-777777777777','66666666-6666-6666-6666-666666666670',NULL,'2025-02-01 08:30:00.000000','2025-02-01 08:30:00.000000'),('88888888-8888-8888-8888-888888888898','Tài liệu tham khảo: https://example.com/cnn','77777777-7777-7777-7777-777777777777','66666666-6666-6666-6666-666666666670','uploads/cnn-research.pdf','2025-02-02 09:00:00.000000','2025-02-02 09:00:00.000000'),('88888888-8888-8888-8888-888888888899','Đang thu thập dataset từ Kaggle','77777777-7777-7777-7777-777777777777','66666666-6666-6666-6666-666666666671',NULL,'2025-02-10 10:00:00.000000','2025-02-10 10:00:00.000000'),('88888888-8888-8888-8888-88888888889a','Model đang được train','77777777-7777-7777-7777-777777777777','66666666-6666-6666-6666-666666666672',NULL,'2025-02-15 11:30:00.000000','2025-02-15 11:30:00.000000'),('88888888-8888-8888-8888-88888888889b','Độ chính xác đạt 85%','77777777-7777-7777-7777-777777777777','66666666-6666-6666-6666-666666666672',NULL,'2025-02-20 14:00:00.000000','2025-02-20 14:00:00.000000'),('88888888-8888-8888-8888-88888888889c','Tài liệu đã hoàn thành','88888888-8888-8888-8888-888888888888','66666666-6666-6666-6666-666666666673',NULL,'2025-01-15 16:00:00.000000','2025-01-15 16:00:00.000000'),('88888888-8888-8888-8888-88888888889d','Triển khai thành công lên môi trường production','88888888-8888-8888-8888-888888888888','66666666-6666-6666-6666-666666666674',NULL,'2025-01-31 17:30:00.000000','2025-01-31 17:30:00.000000');
/*!40000 ALTER TABLE `comments` ENABLE KEYS */;
UNLOCK TABLES;

--
-- Table structure for table `group_members`
--

DROP TABLE IF EXISTS `group_members`;
/*!40101 SET @saved_cs_client     = @@character_set_client */;
/*!50503 SET character_set_client = utf8mb4 */;
CREATE TABLE `group_members` (
  `id` varchar(36) NOT NULL,
  `role` enum('leader','member') NOT NULL DEFAULT 'member',
  `status` enum('pending_invite','pending_approval','accepted','rejected') NOT NULL DEFAULT 'accepted',
  `joined_at` datetime(6) NOT NULL DEFAULT CURRENT_TIMESTAMP(6),
  `group_id` varchar(36) DEFAULT NULL,
  `user_id` varchar(36) DEFAULT NULL,
  PRIMARY KEY (`id`),
  UNIQUE KEY `UQ_group_members_group_user` (`group_id`,`user_id`),
  KEY `FK_20a555b299f75843aa53ff8b0ee` (`user_id`),
  CONSTRAINT `FK_20a555b299f75843aa53ff8b0ee` FOREIGN KEY (`user_id`) REFERENCES `users` (`id`) ON DELETE CASCADE,
  CONSTRAINT `FK_2c840df5db52dc6b4a1b0b69c6e` FOREIGN KEY (`group_id`) REFERENCES `groups` (`id`) ON DELETE CASCADE
) ENGINE=InnoDB DEFAULT CHARSET=utf8mb4 COLLATE=utf8mb4_0900_ai_ci;
/*!40101 SET character_set_client = @saved_cs_client */;

--
-- Dumping data for table `group_members`
--

LOCK TABLES `group_members` WRITE;
/*!40000 ALTER TABLE `group_members` DISABLE KEYS */;
INSERT INTO `group_members` VALUES ('11111111-1111-1111-1111-111111111112','member','accepted','2025-02-15 09:00:00.000000','bbbbbbbb-bbbb-bbbb-bbbb-bbbbbbbbbbbb','44444444-4444-4444-4444-444444444444'),('11111111-1111-1111-1111-111111111113','member','pending_invite','2025-02-15 09:30:00.000000','bbbbbbbb-bbbb-bbbb-bbbb-bbbbbbbbbbbb','55555555-5555-5555-5555-555555555555'),('11111111-1111-1111-1111-111111111114','member','accepted','2025-02-15 10:00:00.000000','bbbbbbbb-bbbb-bbbb-bbbb-bbbbbbbbbbbb','66666666-6666-6666-6666-666666666666'),('11111111-1111-1111-1111-111111111115','leader','accepted','2025-02-16 09:00:00.000000','cccccccc-cccc-cccc-cccc-cccccccccccc','44444444-4444-4444-4444-444444444444'),('11111111-1111-1111-1111-111111111116','member','accepted','2025-02-16 09:30:00.000000','cccccccc-cccc-cccc-cccc-cccccccccccc','77777777-7777-7777-7777-777777777777'),('11111111-1111-1111-1111-111111111117','member','accepted','2025-02-16 10:00:00.000000','cccccccc-cccc-cccc-cccc-cccccccccccc','88888888-8888-8888-8888-888888888888'),('11111111-1111-1111-1111-111111111118','member','rejected','2025-02-16 10:30:00.000000','cccccccc-cccc-cccc-cccc-cccccccccccc','99999999-9999-9999-9999-999999999999'),('11111111-1111-1111-1111-111111111119','member','pending_invite','2025-02-16 11:00:00.000000','cccccccc-cccc-cccc-cccc-cccccccccccc','aaaaaaaa-aaaa-aaaa-aaaa-aaaaaaaaaaaa'),('11111111-1111-1111-1111-11111111111a','leader','accepted','2025-02-17 10:00:00.000000','dddddddd-dddd-dddd-dddd-dddddddddddd','66666666-6666-6666-6666-666666666666'),('11111111-1111-1111-1111-11111111111b','member','accepted','2025-02-17 10:30:00.000000','dddddddd-dddd-dddd-dddd-dddddddddddd','22222222-2222-2222-2222-222222222222'),('11111111-1111-1111-1111-11111111111c','member','accepted','2025-02-17 11:00:00.000000','dddddddd-dddd-dddd-dddd-dddddddddddd','33333333-3333-3333-3333-333333333333'),('11111111-1111-1111-1111-11111111111d','member','accepted','2025-02-17 11:30:00.000000','dddddddd-dddd-dddd-dddd-dddddddddddd','88888888-8888-8888-8888-888888888888'),('11111111-1111-1111-1111-11111111111e','member','pending_invite','2025-02-17 12:00:00.000000','dddddddd-dddd-dddd-dddd-dddddddddddd','aaaaaaaa-aaaa-aaaa-aaaa-aaaaaaaaaaaa'),('d2e17f45-bafe-44f4-b7da-06b59d3c11c9','leader','accepted','2026-01-03 23:06:34.816567','eed73378-2a52-43be-98ef-cd8f9239c978','0ee252b3-b983-4712-b27a-3fd2bc8e66aa'),('eeeeeeee-eeee-eeee-eeee-eeeeeeeeeeee','leader','accepted','2025-02-15 08:00:00.000000','bbbbbbbb-bbbb-bbbb-bbbb-bbbbbbbbbbbb','22222222-2222-2222-2222-222222222222'),('ffffffff-ffff-ffff-ffff-ffffffffffff','member','accepted','2025-02-15 08:30:00.000000','bbbbbbbb-bbbb-bbbb-bbbb-bbbbbbbbbbbb','33333333-3333-3333-3333-333333333333');
/*!40000 ALTER TABLE `group_members` ENABLE KEYS */;
UNLOCK TABLES;

--
-- Table structure for table `groups`
--

DROP TABLE IF EXISTS `groups`;
/*!40101 SET @saved_cs_client     = @@character_set_client */;
/*!50503 SET character_set_client = utf8mb4 */;
CREATE TABLE `groups` (
  `id` varchar(36) NOT NULL,
  `name` varchar(100) NOT NULL,
  `description` text,
  `invite_code` varchar(10) NOT NULL,
  `created_at` datetime(6) NOT NULL DEFAULT CURRENT_TIMESTAMP(6),
  `updated_at` datetime(6) NOT NULL DEFAULT CURRENT_TIMESTAMP(6) ON UPDATE CURRENT_TIMESTAMP(6),
  `leader_id` varchar(36) DEFAULT NULL,
  PRIMARY KEY (`id`),
  UNIQUE KEY `IDX_d93a573770a9d8c51c59c6c0f2` (`invite_code`),
  KEY `FK_fdb67d577cb1623e0d11a3fa6b0` (`leader_id`),
  CONSTRAINT `FK_fdb67d577cb1623e0d11a3fa6b0` FOREIGN KEY (`leader_id`) REFERENCES `users` (`id`) ON DELETE CASCADE
) ENGINE=InnoDB DEFAULT CHARSET=utf8mb4 COLLATE=utf8mb4_0900_ai_ci;
/*!40101 SET character_set_client = @saved_cs_client */;

--
-- Dumping data for table `groups`
--

LOCK TABLES `groups` WRITE;
/*!40000 ALTER TABLE `groups` DISABLE KEYS */;
INSERT INTO `groups` VALUES ('bbbbbbbb-bbbb-bbbb-bbbb-bbbbbbbbbbbb','Nhóm Phát triển Phần mềm','Nhóm chuyên về phát triển ứng dụng web và mobile','GRP001','2025-02-15 08:00:00.000000','2025-02-15 08:00:00.000000','22222222-2222-2222-2222-222222222222'),('cccccccc-cccc-cccc-cccc-cccccccccccc','Nhóm Nghiên cứu AI','Nhóm nghiên cứu và ứng dụng trí tuệ nhân tạo','GRP002','2025-02-16 09:00:00.000000','2025-02-16 09:00:00.000000','44444444-4444-4444-4444-444444444444'),('dddddddd-dddd-dddd-dddd-dddddddddddd','Nhóm DevOps','Nhóm chuyên về triển khai và vận hành hệ thống','GRP003','2025-02-17 10:00:00.000000','2025-02-17 10:00:00.000000','66666666-6666-6666-6666-666666666666'),('eed73378-2a52-43be-98ef-cd8f9239c978','aaa',NULL,'M6K4QX','2026-01-03 23:06:34.809189','2026-01-03 23:06:34.809189','0ee252b3-b983-4712-b27a-3fd2bc8e66aa');
/*!40000 ALTER TABLE `groups` ENABLE KEYS */;
UNLOCK TABLES;

--
-- Table structure for table `labels`
--

DROP TABLE IF EXISTS `labels`;
/*!40101 SET @saved_cs_client     = @@character_set_client */;
/*!50503 SET character_set_client = utf8mb4 */;
CREATE TABLE `labels` (
  `id` varchar(36) NOT NULL,
  `name` varchar(255) NOT NULL,
  `color` varchar(255) NOT NULL DEFAULT '#007bff',
  `description` text,
  `project_id` varchar(36) DEFAULT NULL,
  PRIMARY KEY (`id`),
  KEY `FK_68b0da461f6765824f6db642f12` (`project_id`),
  CONSTRAINT `FK_68b0da461f6765824f6db642f12` FOREIGN KEY (`project_id`) REFERENCES `projects` (`id`) ON DELETE CASCADE
) ENGINE=InnoDB DEFAULT CHARSET=utf8mb4 COLLATE=utf8mb4_0900_ai_ci;
/*!40101 SET character_set_client = @saved_cs_client */;

--
-- Dumping data for table `labels`
--

LOCK TABLES `labels` WRITE;
/*!40000 ALTER TABLE `labels` DISABLE KEYS */;
INSERT INTO `labels` VALUES ('55555555-5555-5555-5555-555555555551','Lỗi','#dc3545','Lỗi cần sửa','22222222-2222-2222-2222-222222222221'),('55555555-5555-5555-5555-555555555552','Tính năng','#28a745','Tính năng mới','22222222-2222-2222-2222-222222222221'),('55555555-5555-5555-5555-555555555553','Khẩn cấp','#ffc107','Khẩn cấp','22222222-2222-2222-2222-222222222221'),('55555555-5555-5555-5555-555555555554','Giao diện','#007bff','Công việc frontend','22222222-2222-2222-2222-222222222223'),('55555555-5555-5555-5555-555555555555','Hệ thống','#6f42c1','Công việc backend','22222222-2222-2222-2222-222222222223'),('55555555-5555-5555-5555-555555555556','API','#17a2b8','Phát triển API','22222222-2222-2222-2222-222222222224'),('55555555-5555-5555-5555-555555555557','Kiểm thử','#20c997','Kiểm thử','22222222-2222-2222-2222-222222222224'),('55555555-5555-5555-5555-555555555558','Nghiên cứu','#fd7e14','Nghiên cứu','22222222-2222-2222-2222-222222222225'),('55555555-5555-5555-5555-555555555559','Tài liệu','#6c757d','Tài liệu','22222222-2222-2222-2222-222222222226'),('55555555-5555-5555-5555-55555555555a','Triển khai','#e83e8c','Triển khai','22222222-2222-2222-2222-222222222226');
/*!40000 ALTER TABLE `labels` ENABLE KEYS */;
UNLOCK TABLES;

--
-- Table structure for table `project_members`
--

DROP TABLE IF EXISTS `project_members`;
/*!40101 SET @saved_cs_client     = @@character_set_client */;
/*!50503 SET character_set_client = utf8mb4 */;
CREATE TABLE `project_members` (
  `id` varchar(36) NOT NULL,
  `role` enum('leader','editor','viewer') NOT NULL DEFAULT 'viewer',
  `joined_at` datetime(6) NOT NULL DEFAULT CURRENT_TIMESTAMP(6),
  `project_id` varchar(36) DEFAULT NULL,
  `user_id` varchar(36) DEFAULT NULL,
  PRIMARY KEY (`id`),
  UNIQUE KEY `UQ_project_member` (`project_id`,`user_id`),
  KEY `FK_e89aae80e010c2faa72e6a49ce8` (`user_id`),
  CONSTRAINT `FK_b5729113570c20c7e214cf3f58d` FOREIGN KEY (`project_id`) REFERENCES `projects` (`id`) ON DELETE CASCADE,
  CONSTRAINT `FK_e89aae80e010c2faa72e6a49ce8` FOREIGN KEY (`user_id`) REFERENCES `users` (`id`) ON DELETE CASCADE
) ENGINE=InnoDB DEFAULT CHARSET=utf8mb4 COLLATE=utf8mb4_0900_ai_ci;
/*!40101 SET character_set_client = @saved_cs_client */;

--
-- Dumping data for table `project_members`
--

LOCK TABLES `project_members` WRITE;
/*!40000 ALTER TABLE `project_members` DISABLE KEYS */;
INSERT INTO `project_members` VALUES ('33333333-3333-3333-3333-333333333331','leader','2025-02-20 08:00:00.000000','22222222-2222-2222-2222-222222222221','22222222-2222-2222-2222-222222222222'),('33333333-3333-3333-3333-333333333332','editor','2025-02-20 08:30:00.000000','22222222-2222-2222-2222-222222222221','33333333-3333-3333-3333-333333333333'),('33333333-3333-3333-3333-333333333333','editor','2025-02-20 09:00:00.000000','22222222-2222-2222-2222-222222222221','44444444-4444-4444-4444-444444444444'),('33333333-3333-3333-3333-333333333334','viewer','2025-02-20 09:30:00.000000','22222222-2222-2222-2222-222222222221','55555555-5555-5555-5555-555555555555'),('33333333-3333-3333-3333-333333333335','leader','2025-02-21 09:00:00.000000','22222222-2222-2222-2222-222222222223','44444444-4444-4444-4444-444444444444'),('33333333-3333-3333-3333-333333333336','editor','2025-02-21 09:30:00.000000','22222222-2222-2222-2222-222222222223','77777777-7777-7777-7777-777777777777'),('33333333-3333-3333-3333-333333333337','viewer','2025-02-21 10:00:00.000000','22222222-2222-2222-2222-222222222223','88888888-8888-8888-8888-888888888888'),('33333333-3333-3333-3333-333333333338','leader','2025-02-22 10:00:00.000000','22222222-2222-2222-2222-222222222224','66666666-6666-6666-6666-666666666666'),('33333333-3333-3333-3333-333333333339','editor','2025-02-22 10:30:00.000000','22222222-2222-2222-2222-222222222224','22222222-2222-2222-2222-222222222222'),('33333333-3333-3333-3333-33333333333a','viewer','2025-02-22 11:00:00.000000','22222222-2222-2222-2222-222222222224','33333333-3333-3333-3333-333333333333'),('33333333-3333-3333-3333-33333333333b','leader','2025-02-23 11:00:00.000000','22222222-2222-2222-2222-222222222225','77777777-7777-7777-7777-777777777777'),('33333333-3333-3333-3333-33333333333c','leader','2025-02-24 12:00:00.000000','22222222-2222-2222-2222-222222222226','88888888-8888-8888-8888-888888888888');
/*!40000 ALTER TABLE `project_members` ENABLE KEYS */;
UNLOCK TABLES;

--
-- Table structure for table `projects`
--

DROP TABLE IF EXISTS `projects`;
/*!40101 SET @saved_cs_client     = @@character_set_client */;
/*!50503 SET character_set_client = utf8mb4 */;
CREATE TABLE `projects` (
  `id` varchar(36) NOT NULL,
  `name` varchar(255) NOT NULL,
  `description` text,
  `start_date` date DEFAULT NULL,
  `deadline` date DEFAULT NULL,
  `status` enum('todo','doing','done') NOT NULL DEFAULT 'todo',
  `created_at` datetime(6) NOT NULL DEFAULT CURRENT_TIMESTAMP(6),
  `updated_at` datetime(6) NOT NULL DEFAULT CURRENT_TIMESTAMP(6) ON UPDATE CURRENT_TIMESTAMP(6),
  `owner_id` varchar(36) DEFAULT NULL,
  `group_id` varchar(36) DEFAULT NULL,
  PRIMARY KEY (`id`),
  KEY `FK_b1bd2fbf5d0ef67319c91acb5cf` (`owner_id`),
  KEY `FK_b33cd356a7e338df6d21088bba0` (`group_id`),
  CONSTRAINT `FK_b1bd2fbf5d0ef67319c91acb5cf` FOREIGN KEY (`owner_id`) REFERENCES `users` (`id`) ON DELETE CASCADE,
  CONSTRAINT `FK_b33cd356a7e338df6d21088bba0` FOREIGN KEY (`group_id`) REFERENCES `groups` (`id`) ON DELETE SET NULL
) ENGINE=InnoDB DEFAULT CHARSET=utf8mb4 COLLATE=utf8mb4_0900_ai_ci;
/*!40101 SET character_set_client = @saved_cs_client */;

--
-- Dumping data for table `projects`
--

LOCK TABLES `projects` WRITE;
/*!40000 ALTER TABLE `projects` DISABLE KEYS */;
INSERT INTO `projects` VALUES ('22222222-2222-2222-2222-222222222221','Website E-commerce','Phát triển website bán hàng trực tuyến với đầy đủ tính năng','2025-03-01','2025-07-31','doing','2025-02-20 08:00:00.000000','2025-11-30 05:50:00.000000','22222222-2222-2222-2222-222222222222','bbbbbbbb-bbbb-bbbb-bbbb-bbbbbbbbbbbb'),('22222222-2222-2222-2222-222222222223','Hệ thống Quản lý Trường học','Xây dựng hệ thống quản lý học sinh, giáo viên và lớp học','2025-04-01','2025-09-30','todo','2025-02-21 09:00:00.000000','2025-11-30 05:50:00.000000','44444444-4444-4444-4444-444444444444','cccccccc-cccc-cccc-cccc-cccccccccccc'),('22222222-2222-2222-2222-222222222224','Ứng dụng Mobile Banking','Phát triển ứng dụng ngân hàng di động với tính năng chuyển tiền, thanh toán','2025-01-01','2025-06-30','doing','2025-02-22 10:00:00.000000','2025-11-30 05:50:00.000000','66666666-6666-6666-6666-666666666666','dddddddd-dddd-dddd-dddd-dddddddddddd'),('22222222-2222-2222-2222-222222222225','Dự án Nghiên cứu Machine Learning','Nghiên cứu và ứng dụng ML vào bài toán phân loại hình ảnh','2025-02-01','2025-12-31','todo','2025-02-23 11:00:00.000000','2025-11-30 05:50:00.000000','77777777-7777-7777-7777-777777777777',NULL),('22222222-2222-2222-2222-222222222226','Hệ thống Quản lý Dự án','Dự án đã hoàn thành - hệ thống quản lý dự án nội bộ','2024-07-01','2025-01-31','done','2025-02-24 12:00:00.000000','2025-01-31 17:00:00.000000','88888888-8888-8888-8888-888888888888',NULL);
/*!40000 ALTER TABLE `projects` ENABLE KEYS */;
UNLOCK TABLES;

--
-- Table structure for table `subtasks`
--

DROP TABLE IF EXISTS `subtasks`;
/*!40101 SET @saved_cs_client     = @@character_set_client */;
/*!50503 SET character_set_client = utf8mb4 */;
CREATE TABLE `subtasks` (
  `id` varchar(36) NOT NULL,
  `title` varchar(255) NOT NULL,
  `completed` tinyint NOT NULL DEFAULT '0',
  `completed_at` timestamp NULL DEFAULT NULL,
  `position` decimal(10,3) NOT NULL DEFAULT '0.000',
  `task_id` varchar(255) NOT NULL,
  PRIMARY KEY (`id`),
  KEY `IDX_4f5962cd050efba5fcc6a5d86d` (`task_id`),
  CONSTRAINT `FK_4f5962cd050efba5fcc6a5d86d6` FOREIGN KEY (`task_id`) REFERENCES `tasks` (`id`) ON DELETE CASCADE
) ENGINE=InnoDB DEFAULT CHARSET=utf8mb4 COLLATE=utf8mb4_0900_ai_ci;
/*!40101 SET character_set_client = @saved_cs_client */;

--
-- Dumping data for table `subtasks`
--

LOCK TABLES `subtasks` WRITE;
/*!40000 ALTER TABLE `subtasks` DISABLE KEYS */;
INSERT INTO `subtasks` VALUES ('77777777-7777-7777-7777-777777777771','Thiết kế wireframe',0,NULL,0.000,'66666666-6666-6666-6666-666666666661'),('77777777-7777-7777-7777-777777777772','Thiết kế mockup',0,NULL,1.000,'66666666-6666-6666-6666-666666666661'),('77777777-7777-7777-7777-777777777773','Review design',0,NULL,2.000,'66666666-6666-6666-6666-666666666661'),('77777777-7777-7777-7777-777777777774','Tạo endpoint đăng nhập',1,'2025-03-10 10:00:00',0.000,'66666666-6666-6666-6666-666666666662'),('77777777-7777-7777-7777-777777777775','Tạo endpoint đăng ký',0,NULL,1.000,'66666666-6666-6666-6666-666666666662'),('77777777-7777-7777-7777-777777777776','Thiết kế database cho giỏ hàng',1,'2025-04-12 14:00:00',0.000,'66666666-6666-6666-6666-666666666663'),('77777777-7777-7777-7777-777777777777','API thêm sản phẩm vào giỏ',1,'2025-04-14 16:00:00',1.000,'66666666-6666-6666-6666-666666666663'),('77777777-7777-7777-7777-777777777778','API xóa sản phẩm khỏi giỏ',0,NULL,2.000,'66666666-6666-6666-6666-666666666663'),('77777777-7777-7777-7777-777777777779','API cập nhật số lượng',0,NULL,3.000,'66666666-6666-6666-6666-666666666663'),('77777777-7777-7777-7777-77777777777a','Đăng ký tài khoản VNPay',1,'2025-04-15 09:00:00',0.000,'66666666-6666-6666-6666-666666666664'),('77777777-7777-7777-7777-77777777777b','Tích hợp API thanh toán',0,NULL,1.000,'66666666-6666-6666-6666-666666666664'),('77777777-7777-7777-7777-77777777777c','Kiểm thử giao dịch',0,NULL,2.000,'66666666-6666-6666-6666-666666666664'),('77777777-7777-7777-7777-77777777777d','Tạo database schema',1,'2025-02-28 10:00:00',0.000,'66666666-6666-6666-6666-666666666665'),('77777777-7777-7777-7777-77777777777e','Chạy migration',1,'2025-03-01 15:00:00',1.000,'66666666-6666-6666-6666-666666666665'),('77777777-7777-7777-7777-77777777777f','Cấu hình GitHub Actions',1,'2025-03-03 11:00:00',0.000,'66666666-6666-6666-6666-666666666666'),('77777777-7777-7777-7777-777777777780','Setup Docker build',1,'2025-03-05 16:00:00',1.000,'66666666-6666-6666-6666-666666666666'),('77777777-7777-7777-7777-777777777781','Phân tích yêu cầu database',0,NULL,0.000,'66666666-6666-6666-6666-666666666667'),('77777777-7777-7777-7777-777777777782','Thiết kế ERD',0,NULL,1.000,'66666666-6666-6666-6666-666666666667'),('77777777-7777-7777-7777-777777777783','Tạo migration scripts',0,NULL,2.000,'66666666-6666-6666-6666-666666666667'),('77777777-7777-7777-7777-777777777784','API danh sách học sinh',0,NULL,0.000,'66666666-6666-6666-6666-666666666668'),('77777777-7777-7777-7777-777777777785','API thêm/sửa/xóa học sinh',0,NULL,1.000,'66666666-6666-6666-6666-666666666668'),('77777777-7777-7777-7777-777777777786','Thiết kế UI',1,'2025-04-12 10:00:00',0.000,'66666666-6666-6666-6666-666666666669'),('77777777-7777-7777-7777-777777777787','Phát triển components',0,NULL,1.000,'66666666-6666-6666-6666-666666666669'),('77777777-7777-7777-7777-777777777788','Tích hợp API',0,NULL,2.000,'66666666-6666-6666-6666-666666666669'),('77777777-7777-7777-7777-777777777789','Hoàn thành phân tích',1,'2025-02-28 15:00:00',0.000,'66666666-6666-6666-6666-66666666666a'),('77777777-7777-7777-7777-77777777778a','Nghiên cứu microservices pattern',0,NULL,0.000,'66666666-6666-6666-6666-66666666666b'),('77777777-7777-7777-7777-77777777778b','Thiết kế service boundaries',0,NULL,1.000,'66666666-6666-6666-6666-66666666666b'),('77777777-7777-7777-7777-77777777778c','Phát triển JWT',1,'2025-01-15 14:00:00',0.000,'66666666-6666-6666-6666-66666666666d'),('77777777-7777-7777-7777-77777777778d','Phát triển OAuth2',0,NULL,1.000,'66666666-6666-6666-6666-66666666666d'),('77777777-7777-7777-7777-77777777778e','Kiểm thử luồng xác thực',0,NULL,2.000,'66666666-6666-6666-6666-66666666666d'),('77777777-7777-7777-7777-77777777778f','Nghiên cứu Face ID API',0,NULL,0.000,'66666666-6666-6666-6666-66666666666e'),('77777777-7777-7777-7777-777777777790','Nghiên cứu Fingerprint API',0,NULL,1.000,'66666666-6666-6666-6666-66666666666e');
/*!40000 ALTER TABLE `subtasks` ENABLE KEYS */;
UNLOCK TABLES;

--
-- Table structure for table `task_assignees`
--

DROP TABLE IF EXISTS `task_assignees`;
/*!40101 SET @saved_cs_client     = @@character_set_client */;
/*!50503 SET character_set_client = utf8mb4 */;
CREATE TABLE `task_assignees` (
  `task_id` varchar(36) NOT NULL,
  `user_id` varchar(36) NOT NULL,
  PRIMARY KEY (`task_id`,`user_id`),
  KEY `IDX_0141288f2306f20da9a60ec8d6` (`task_id`),
  KEY `IDX_bb8051e376a2b083e074678cb6` (`user_id`),
  CONSTRAINT `FK_0141288f2306f20da9a60ec8d69` FOREIGN KEY (`task_id`) REFERENCES `tasks` (`id`) ON DELETE CASCADE ON UPDATE CASCADE,
  CONSTRAINT `FK_bb8051e376a2b083e074678cb60` FOREIGN KEY (`user_id`) REFERENCES `users` (`id`) ON DELETE CASCADE ON UPDATE CASCADE
) ENGINE=InnoDB DEFAULT CHARSET=utf8mb4 COLLATE=utf8mb4_0900_ai_ci;
/*!40101 SET character_set_client = @saved_cs_client */;

--
-- Dumping data for table `task_assignees`
--

LOCK TABLES `task_assignees` WRITE;
/*!40000 ALTER TABLE `task_assignees` DISABLE KEYS */;
INSERT INTO `task_assignees` VALUES ('66666666-6666-6666-6666-666666666661','22222222-2222-2222-2222-222222222222'),('66666666-6666-6666-6666-666666666661','33333333-3333-3333-3333-333333333333'),('66666666-6666-6666-6666-666666666662','33333333-3333-3333-3333-333333333333'),('66666666-6666-6666-6666-666666666662','44444444-4444-4444-4444-444444444444'),('66666666-6666-6666-6666-666666666663','44444444-4444-4444-4444-444444444444'),('66666666-6666-6666-6666-666666666663','55555555-5555-5555-5555-555555555555'),('66666666-6666-6666-6666-666666666664','33333333-3333-3333-3333-333333333333'),('66666666-6666-6666-6666-666666666665','22222222-2222-2222-2222-222222222222'),('66666666-6666-6666-6666-666666666666','44444444-4444-4444-4444-444444444444'),('66666666-6666-6666-6666-666666666667','44444444-4444-4444-4444-444444444444'),('66666666-6666-6666-6666-666666666667','77777777-7777-7777-7777-777777777777'),('66666666-6666-6666-6666-666666666668','77777777-7777-7777-7777-777777777777'),('66666666-6666-6666-6666-666666666669','77777777-7777-7777-7777-777777777777'),('66666666-6666-6666-6666-666666666669','88888888-8888-8888-8888-888888888888'),('66666666-6666-6666-6666-66666666666a','44444444-4444-4444-4444-444444444444'),('66666666-6666-6666-6666-66666666666b','22222222-2222-2222-2222-222222222222'),('66666666-6666-6666-6666-66666666666b','66666666-6666-6666-6666-666666666666'),('66666666-6666-6666-6666-66666666666c','22222222-2222-2222-2222-222222222222'),('66666666-6666-6666-6666-66666666666c','33333333-3333-3333-3333-333333333333'),('66666666-6666-6666-6666-66666666666d','66666666-6666-6666-6666-666666666666'),('66666666-6666-6666-6666-66666666666e','33333333-3333-3333-3333-333333333333'),('66666666-6666-6666-6666-66666666666f','66666666-6666-6666-6666-666666666666'),('66666666-6666-6666-6666-666666666670','77777777-7777-7777-7777-777777777777'),('66666666-6666-6666-6666-666666666671','77777777-7777-7777-7777-777777777777'),('66666666-6666-6666-6666-666666666672','77777777-7777-7777-7777-777777777777');
/*!40000 ALTER TABLE `task_assignees` ENABLE KEYS */;
UNLOCK TABLES;

--
-- Table structure for table `task_labels`
--

DROP TABLE IF EXISTS `task_labels`;
/*!40101 SET @saved_cs_client     = @@character_set_client */;
/*!50503 SET character_set_client = utf8mb4 */;
CREATE TABLE `task_labels` (
  `task_id` varchar(36) NOT NULL,
  `label_id` varchar(36) NOT NULL,
  PRIMARY KEY (`task_id`,`label_id`),
  KEY `IDX_844df22351eb86c33c3e8c132f` (`task_id`),
  KEY `IDX_09dd3f6f9d04063726c498155f` (`label_id`),
  CONSTRAINT `FK_09dd3f6f9d04063726c498155f2` FOREIGN KEY (`label_id`) REFERENCES `labels` (`id`) ON DELETE CASCADE ON UPDATE CASCADE,
  CONSTRAINT `FK_844df22351eb86c33c3e8c132f4` FOREIGN KEY (`task_id`) REFERENCES `tasks` (`id`) ON DELETE CASCADE ON UPDATE CASCADE
) ENGINE=InnoDB DEFAULT CHARSET=utf8mb4 COLLATE=utf8mb4_0900_ai_ci;
/*!40101 SET character_set_client = @saved_cs_client */;

--
-- Dumping data for table `task_labels`
--

LOCK TABLES `task_labels` WRITE;
/*!40000 ALTER TABLE `task_labels` DISABLE KEYS */;
INSERT INTO `task_labels` VALUES ('66666666-6666-6666-6666-666666666661','55555555-5555-5555-5555-555555555551'),('66666666-6666-6666-6666-666666666661','55555555-5555-5555-5555-555555555552'),('66666666-6666-6666-6666-666666666662','55555555-5555-5555-5555-555555555552'),('66666666-6666-6666-6666-666666666662','55555555-5555-5555-5555-555555555553'),('66666666-6666-6666-6666-666666666663','55555555-5555-5555-5555-555555555552'),('66666666-6666-6666-6666-666666666664','55555555-5555-5555-5555-555555555553'),('66666666-6666-6666-6666-666666666665','55555555-5555-5555-5555-555555555551'),('66666666-6666-6666-6666-666666666667','55555555-5555-5555-5555-555555555554'),('66666666-6666-6666-6666-666666666667','55555555-5555-5555-5555-555555555555'),('66666666-6666-6666-6666-666666666668','55555555-5555-5555-5555-555555555555'),('66666666-6666-6666-6666-666666666669','55555555-5555-5555-5555-555555555554'),('66666666-6666-6666-6666-66666666666b','55555555-5555-5555-5555-555555555556'),('66666666-6666-6666-6666-66666666666c','55555555-5555-5555-5555-555555555556'),('66666666-6666-6666-6666-66666666666d','55555555-5555-5555-5555-555555555556'),('66666666-6666-6666-6666-66666666666e','55555555-5555-5555-5555-555555555557'),('66666666-6666-6666-6666-666666666670','55555555-5555-5555-5555-555555555558'),('66666666-6666-6666-6666-666666666672','55555555-5555-5555-5555-555555555558');
/*!40000 ALTER TABLE `task_labels` ENABLE KEYS */;
UNLOCK TABLES;

--
-- Table structure for table `tasks`
--

DROP TABLE IF EXISTS `tasks`;
/*!40101 SET @saved_cs_client     = @@character_set_client */;
/*!50503 SET character_set_client = utf8mb4 */;
CREATE TABLE `tasks` (
  `id` varchar(36) NOT NULL,
  `title` varchar(255) NOT NULL,
  `description` text,
  `start_date` timestamp NULL DEFAULT NULL,
  `due_date` timestamp NULL DEFAULT NULL,
  `status` enum('todo','done') NOT NULL DEFAULT 'todo',
  `priority` enum('low','medium','high') NOT NULL DEFAULT 'medium',
  `position` decimal(10,3) NOT NULL DEFAULT '0.000',
  `progress` float NOT NULL DEFAULT '0',
  `completed_at` timestamp NULL DEFAULT NULL,
  `created_by` varchar(255) DEFAULT NULL,
  `column_id` varchar(255) NOT NULL,
  `created_at` timestamp(6) NOT NULL DEFAULT CURRENT_TIMESTAMP(6),
  `updated_at` timestamp(6) NOT NULL DEFAULT CURRENT_TIMESTAMP(6) ON UPDATE CURRENT_TIMESTAMP(6),
  PRIMARY KEY (`id`),
  KEY `IDX_707cfc415c7c12d38dfc2ec8eb` (`due_date`),
  KEY `IDX_6086c8dafbae729a930c04d865` (`status`),
  KEY `IDX_5417779e2823cac1db80a55f70` (`column_id`,`position`),
  KEY `FK_9fc727aef9e222ebd09dc8dac08` (`created_by`),
  CONSTRAINT `FK_986f14173dba32448f3f3abb1c4` FOREIGN KEY (`column_id`) REFERENCES `columns` (`id`) ON DELETE CASCADE,
  CONSTRAINT `FK_9fc727aef9e222ebd09dc8dac08` FOREIGN KEY (`created_by`) REFERENCES `users` (`id`) ON DELETE SET NULL
) ENGINE=InnoDB DEFAULT CHARSET=utf8mb4 COLLATE=utf8mb4_0900_ai_ci;
/*!40101 SET character_set_client = @saved_cs_client */;

--
-- Dumping data for table `tasks`
--

LOCK TABLES `tasks` WRITE;
/*!40000 ALTER TABLE `tasks` DISABLE KEYS */;
INSERT INTO `tasks` VALUES ('66666666-6666-6666-6666-666666666661','Thiết kế giao diện trang chủ','Thiết kế UI/UX cho trang chủ website','2025-03-05 08:00:00','2025-03-20 17:00:00','todo','high',0.000,0,NULL,'22222222-2222-2222-2222-222222222222','44444444-4444-4444-4444-444444444441','2025-03-01 08:00:00.000000','2025-03-01 08:00:00.000000'),('66666666-6666-6666-6666-666666666662','Xây dựng API đăng nhập','Phát triển API xác thực người dùng',NULL,'2025-03-25 17:00:00','todo','high',1.000,0,NULL,'33333333-3333-3333-3333-333333333333','44444444-4444-4444-4444-444444444441','2025-03-02 09:00:00.000000','2025-03-02 09:00:00.000000'),('66666666-6666-6666-6666-666666666663','Phát triển module giỏ hàng','Xây dựng chức năng thêm, xóa, cập nhật giỏ hàng','2025-04-10 08:00:00','2025-05-05 17:00:00','todo','medium',0.000,45,NULL,'44444444-4444-4444-4444-444444444444','44444444-4444-4444-4444-444444444442','2025-04-03 10:00:00.000000','2025-11-15 14:00:00.000000'),('66666666-6666-6666-6666-666666666664','Tích hợp thanh toán','Tích hợp cổng thanh toán VNPay','2025-04-12 08:00:00','2025-05-10 17:00:00','todo','high',1.000,30,NULL,'33333333-3333-3333-3333-333333333333','44444444-4444-4444-4444-444444444442','2025-04-04 11:00:00.000000','2025-11-16 15:00:00.000000'),('66666666-6666-6666-6666-666666666665','Setup database','Khởi tạo database và migration','2025-02-25 08:00:00','2025-03-01 17:00:00','done','medium',0.000,100,'2025-03-01 16:30:00','22222222-2222-2222-2222-222222222222','44444444-4444-4444-4444-444444444443','2025-02-25 08:00:00.000000','2025-03-01 16:30:00.000000'),('66666666-6666-6666-6666-666666666666','Cấu hình CI/CD','Thiết lập pipeline tự động','2025-02-28 08:00:00','2025-03-05 17:00:00','done','low',1.000,100,'2025-03-05 17:00:00','44444444-4444-4444-4444-444444444444','44444444-4444-4444-4444-444444444443','2025-02-28 08:00:00.000000','2025-03-05 17:00:00.000000'),('66666666-6666-6666-6666-666666666667','Thiết kế database','Thiết kế schema cho hệ thống quản lý trường học','2025-04-05 08:00:00','2025-04-20 17:00:00','todo','high',0.000,0,NULL,'44444444-4444-4444-4444-444444444444','44444444-4444-4444-4444-444444444444','2025-04-01 08:00:00.000000','2025-04-01 08:00:00.000000'),('66666666-6666-6666-6666-666666666668','Xây dựng API quản lý học sinh',NULL,NULL,'2025-05-01 17:00:00','todo','medium',1.000,0,NULL,'77777777-7777-7777-7777-777777777777','44444444-4444-4444-4444-444444444444','2025-04-02 09:00:00.000000','2025-04-02 09:00:00.000000'),('66666666-6666-6666-6666-666666666669','Phát triển giao diện quản lý lớp học','Xây dựng UI cho module quản lý lớp học','2025-04-10 08:00:00','2025-05-15 17:00:00','todo','medium',0.000,60,NULL,'77777777-7777-7777-7777-777777777777','44444444-4444-4444-4444-444444444445','2025-04-05 10:00:00.000000','2025-11-20 11:00:00.000000'),('66666666-6666-6666-6666-66666666666a','Phân tích yêu cầu','Phân tích và tài liệu hóa yêu cầu dự án','2025-02-15 08:00:00','2025-02-28 17:00:00','done','high',0.000,100,'2025-02-28 16:00:00','44444444-4444-4444-4444-444444444444','44444444-4444-4444-4444-444444444446','2025-02-15 08:00:00.000000','2025-02-28 16:00:00.000000'),('66666666-6666-6666-6666-66666666666b','Thiết kế kiến trúc hệ thống','Thiết kế kiến trúc microservices','2025-01-15 08:00:00','2025-02-15 17:00:00','todo','high',0.000,0,NULL,'66666666-6666-6666-6666-666666666666','44444444-4444-4444-4444-444444444447','2025-01-10 08:00:00.000000','2025-01-10 08:00:00.000000'),('66666666-6666-6666-6666-66666666666c','Phát triển tính năng chuyển tiền','Xây dựng API và UI cho chuyển tiền',NULL,'2025-03-31 17:00:00','todo','high',1.000,0,NULL,'22222222-2222-2222-2222-222222222222','44444444-4444-4444-4444-444444444447','2025-01-12 09:00:00.000000','2025-01-12 09:00:00.000000'),('66666666-6666-6666-6666-66666666666d','Xây dựng module xác thực','Phát triển OAuth2 và JWT','2025-01-10 08:00:00','2025-02-28 17:00:00','todo','high',0.500,75,NULL,'66666666-6666-6666-6666-666666666666','44444444-4444-4444-4444-444444444448','2025-01-05 10:00:00.000000','2026-01-03 15:29:45.000000'),('66666666-6666-6666-6666-66666666666e','Tích hợp biometric','Tích hợp nhận diện vân tay và Face ID','2025-01-20 08:00:00','2025-03-15 17:00:00','todo','medium',1.000,50,NULL,'33333333-3333-3333-3333-333333333333','44444444-4444-4444-4444-444444444448','2025-01-18 11:00:00.000000','2025-11-10 15:00:00.000000'),('66666666-6666-6666-6666-66666666666f','Setup môi trường phát triển','Cấu hình Docker và development environment','2025-01-01 08:00:00','2025-01-15 17:00:00','done','medium',0.000,100,'2025-01-15 16:00:00','66666666-6666-6666-6666-666666666666','44444444-4444-4444-4444-444444444449','2025-01-01 08:00:00.000000','2025-01-15 16:00:00.000000'),('66666666-6666-6666-6666-666666666670','Nghiên cứu thuật toán CNN','Tìm hiểu về Convolutional Neural Networks','2025-02-01 08:00:00','2025-03-31 17:00:00','todo','high',0.000,0,NULL,'77777777-7777-7777-7777-777777777777','44444444-4444-4444-4444-44444444444a','2025-01-25 08:00:00.000000','2025-01-25 08:00:00.000000'),('66666666-6666-6666-6666-666666666671','Thu thập dataset','Thu thập và làm sạch dữ liệu hình ảnh',NULL,'2025-04-30 17:00:00','todo','medium',1.000,0,NULL,'77777777-7777-7777-7777-777777777777','44444444-4444-4444-4444-44444444444a','2025-01-26 09:00:00.000000','2025-01-26 09:00:00.000000'),('66666666-6666-6666-6666-666666666672','Xây dựng model','Phát triển model phân loại hình ảnh','2025-02-10 08:00:00','2025-06-30 17:00:00','todo','high',0.000,40,NULL,'77777777-7777-7777-7777-777777777777','44444444-4444-4444-4444-44444444444b','2025-02-05 10:00:00.000000','2025-11-15 11:00:00.000000'),('66666666-6666-6666-6666-666666666673','Hoàn thiện tài liệu','Viết tài liệu hướng dẫn sử dụng','2024-12-01 08:00:00','2025-01-15 17:00:00','done','low',0.000,100,'2025-01-15 16:00:00','88888888-8888-8888-8888-888888888888','44444444-4444-4444-4444-44444444444f','2024-12-01 08:00:00.000000','2025-01-15 16:00:00.000000'),('66666666-6666-6666-6666-666666666674','Deploy production','Triển khai hệ thống lên production','2024-12-15 08:00:00','2025-01-31 17:00:00','done','high',1.000,100,'2025-01-31 17:00:00','88888888-8888-8888-8888-888888888888','44444444-4444-4444-4444-44444444444f','2024-12-15 08:00:00.000000','2025-01-31 17:00:00.000000');
/*!40000 ALTER TABLE `tasks` ENABLE KEYS */;
UNLOCK TABLES;

--
-- Table structure for table `users`
--

DROP TABLE IF EXISTS `users`;
/*!40101 SET @saved_cs_client     = @@character_set_client */;
/*!50503 SET character_set_client = utf8mb4 */;
CREATE TABLE `users` (
  `id` varchar(36) NOT NULL,
  `name` varchar(255) DEFAULT NULL,
  `email` varchar(255) NOT NULL,
  `password` varchar(255) DEFAULT NULL,
  `date_of_birth` datetime DEFAULT NULL,
  `avatar` varchar(255) DEFAULT 'https://cdn-icons-png.flaticon.com/512/149/149071.png',
  `student_code` varchar(255) DEFAULT NULL,
  `department` varchar(255) DEFAULT NULL,
  `gender` varchar(255) DEFAULT NULL,
  `created_at` datetime(6) NOT NULL DEFAULT CURRENT_TIMESTAMP(6),
  `updated_at` datetime(6) NOT NULL DEFAULT CURRENT_TIMESTAMP(6) ON UPDATE CURRENT_TIMESTAMP(6),
  `google_id` varchar(255) DEFAULT NULL,
  `provider` varchar(255) DEFAULT NULL,
  PRIMARY KEY (`id`),
  UNIQUE KEY `IDX_97672ac88f789774dd47f7c8be` (`email`),
  UNIQUE KEY `IDX_0bd5012aeb82628e07f6a1be53` (`google_id`)
) ENGINE=InnoDB DEFAULT CHARSET=utf8mb4 COLLATE=utf8mb4_0900_ai_ci;
/*!40101 SET character_set_client = @saved_cs_client */;

--
-- Dumping data for table `users`
--

LOCK TABLES `users` WRITE;
/*!40000 ALTER TABLE `users` DISABLE KEYS */;
INSERT INTO `users` VALUES ('0ee252b3-b983-4712-b27a-3fd2bc8e66aa','Tuấn Đình','nguyendinhtuanx31@gmail.com',NULL,NULL,'https://lh3.googleusercontent.com/a/ACg8ocII6xyZT-S2N6Ap_80DIryd62vyPpxMfgPv0xk7tgOAJPPY5oo=s96-c',NULL,NULL,NULL,'2026-01-03 22:26:10.421485','2026-01-03 23:06:48.000000','104047966868123029845','google'),('11111111-1111-1111-1111-111111111111','Người dùng Quản trị','admin@qlda.com','$2b$10$JYWnYbIPzz5S3Wckoh36huKx4dg1zXmo8d/rOBWEUj.VCDhs.etYS','1990-01-15 00:00:00','https://cdn-icons-png.flaticon.com/512/149/149071.png','AD001','Công nghệ thông tin','male','2025-01-15 08:00:00.000000','2025-01-15 08:00:00.000000',NULL,NULL),('22222222-2222-2222-2222-222222222222','Nguyễn Văn An','nguyenvanan@qlda.com','$2b$10$JYWnYbIPzz5S3Wckoh36huKx4dg1zXmo8d/rOBWEUj.VCDhs.etYS','1995-03-20 00:00:00','/uploads/avatar-1767455840141-846213527.png','SV001','Công nghệ thông tin','male','2025-01-16 09:00:00.000000','2026-01-03 22:57:20.000000',NULL,NULL),('33333333-3333-3333-3333-333333333333','Trần Thị Bình','tranthibinh@qlda.com','$2b$10$JYWnYbIPzz5S3Wckoh36huKx4dg1zXmo8d/rOBWEUj.VCDhs.etYS','1996-05-10 00:00:00','https://cdn-icons-png.flaticon.com/512/149/149071.png','SV002','Kỹ thuật phần mềm','female','2025-01-17 10:00:00.000000','2025-01-17 10:00:00.000000',NULL,NULL),('44444444-4444-4444-4444-444444444444','Lê Văn Cường','levancuong@qlda.com','$2b$10$JYWnYbIPzz5S3Wckoh36huKx4dg1zXmo8d/rOBWEUj.VCDhs.etYS','1994-07-25 00:00:00','https://cdn-icons-png.flaticon.com/512/149/149071.png','SV003','Hệ thống thông tin','male','2025-01-18 11:00:00.000000','2025-01-18 11:00:00.000000',NULL,NULL),('55555555-5555-5555-5555-555555555555','Phạm Thị Dung','phamthidung@qlda.com','$2b$10$JYWnYbIPzz5S3Wckoh36huKx4dg1zXmo8d/rOBWEUj.VCDhs.etYS','1997-09-12 00:00:00','https://cdn-icons-png.flaticon.com/512/149/149071.png','SV004','Công nghệ thông tin','female','2025-01-19 12:00:00.000000','2025-01-19 12:00:00.000000',NULL,NULL),('66666666-6666-6666-6666-666666666666','Hoàng Văn Em','hoangvanem@qlda.com','$2b$10$JYWnYbIPzz5S3Wckoh36huKx4dg1zXmo8d/rOBWEUj.VCDhs.etYS','1995-11-30 00:00:00','https://cdn-icons-png.flaticon.com/512/149/149071.png','SV005','Kỹ thuật phần mềm','male','2025-01-20 13:00:00.000000','2025-01-20 13:00:00.000000',NULL,NULL),('77777777-7777-7777-7777-777777777777','Vũ Thị Phương','vuthiphuong@qlda.com','$2b$10$JYWnYbIPzz5S3Wckoh36huKx4dg1zXmo8d/rOBWEUj.VCDhs.etYS','1996-02-14 00:00:00','https://cdn-icons-png.flaticon.com/512/149/149071.png','SV006','Hệ thống thông tin','female','2025-01-21 14:00:00.000000','2025-01-21 14:00:00.000000',NULL,NULL),('88888888-8888-8888-8888-888888888888','Đỗ Văn Giang','dovangiang@qlda.com','$2b$10$JYWnYbIPzz5S3Wckoh36huKx4dg1zXmo8d/rOBWEUj.VCDhs.etYS','1994-04-18 00:00:00','https://cdn-icons-png.flaticon.com/512/149/149071.png','SV007','Công nghệ thông tin','male','2025-01-22 15:00:00.000000','2025-01-22 15:00:00.000000',NULL,NULL),('99999999-9999-9999-9999-999999999999','Bùi Thị Hoa','buithihoa@qlda.com','$2b$10$JYWnYbIPzz5S3Wckoh36huKx4dg1zXmo8d/rOBWEUj.VCDhs.etYS','1997-06-22 00:00:00','https://cdn-icons-png.flaticon.com/512/149/149071.png','SV008','Kỹ thuật phần mềm','female','2025-01-23 16:00:00.000000','2025-01-23 16:00:00.000000',NULL,NULL),('aaaaaaaa-aaaa-aaaa-aaaa-aaaaaaaaaaaa','Ngô Văn Ích','ngovanich@qlda.com','$2b$10$JYWnYbIPzz5S3Wckoh36huKx4dg1zXmo8d/rOBWEUj.VCDhs.etYS','1995-08-05 00:00:00','https://cdn-icons-png.flaticon.com/512/149/149071.png','SV009','Hệ thống thông tin','male','2025-01-24 17:00:00.000000','2025-01-24 17:00:00.000000',NULL,NULL);
/*!40000 ALTER TABLE `users` ENABLE KEYS */;
UNLOCK TABLES;

--
-- Dumping routines for database 'qlda'
--
/*!40103 SET TIME_ZONE=@OLD_TIME_ZONE */;

/*!40101 SET SQL_MODE=@OLD_SQL_MODE */;
/*!40014 SET FOREIGN_KEY_CHECKS=@OLD_FOREIGN_KEY_CHECKS */;
/*!40014 SET UNIQUE_CHECKS=@OLD_UNIQUE_CHECKS */;
/*!40101 SET CHARACTER_SET_CLIENT=@OLD_CHARACTER_SET_CLIENT */;
/*!40101 SET CHARACTER_SET_RESULTS=@OLD_CHARACTER_SET_RESULTS */;
/*!40101 SET COLLATION_CONNECTION=@OLD_COLLATION_CONNECTION */;
/*!40111 SET SQL_NOTES=@OLD_SQL_NOTES */;

-- Dump completed on 2026-01-06 21:06:46
