-- ============================================
-- QLDA Sample Data SQL Script
-- ============================================
-- Password mặc định cho tất cả users: Password123!
-- Xem file sample-data-credentials.txt để biết email và password

SET FOREIGN_KEY_CHECKS = 0;
SET SQL_MODE = "NO_AUTO_VALUE_ON_ZERO";
SET time_zone = "+00:00";

-- ============================================
-- 1. USERS (10 users)
-- ============================================
-- Password hash: $2b$10$JYWnYbIPzz5S3Wckoh36huKx4dg1zXmo8d/rOBWEUj.VCDhs.etYS (Password123!)

INSERT INTO `users` (`id`, `name`, `email`, `password`, `date_of_birth`, `avatar`, `student_code`, `department`, `gender`, `created_at`, `updated_at`) VALUES
('11111111-1111-1111-1111-111111111111', 'Người dùng Quản trị', 'admin@qlda.com', '$2b$10$JYWnYbIPzz5S3Wckoh36huKx4dg1zXmo8d/rOBWEUj.VCDhs.etYS', '1990-01-15', 'https://cdn-icons-png.flaticon.com/512/149/149071.png', 'AD001', 'Công nghệ thông tin', 'male', '2025-01-15 08:00:00', '2025-01-15 08:00:00'),
('22222222-2222-2222-2222-222222222222', 'Nguyễn Văn An', 'nguyenvanan@qlda.com', '$2b$10$JYWnYbIPzz5S3Wckoh36huKx4dg1zXmo8d/rOBWEUj.VCDhs.etYS', '1995-03-20', 'https://cdn-icons-png.flaticon.com/512/149/149071.png', 'SV001', 'Công nghệ thông tin', 'male', '2025-01-16 09:00:00', '2025-01-16 09:00:00'),
('33333333-3333-3333-3333-333333333333', 'Trần Thị Bình', 'tranthibinh@qlda.com', '$2b$10$JYWnYbIPzz5S3Wckoh36huKx4dg1zXmo8d/rOBWEUj.VCDhs.etYS', '1996-05-10', 'https://cdn-icons-png.flaticon.com/512/149/149071.png', 'SV002', 'Kỹ thuật phần mềm', 'female', '2025-01-17 10:00:00', '2025-01-17 10:00:00'),
('44444444-4444-4444-4444-444444444444', 'Lê Văn Cường', 'levancuong@qlda.com', '$2b$10$JYWnYbIPzz5S3Wckoh36huKx4dg1zXmo8d/rOBWEUj.VCDhs.etYS', '1994-07-25', 'https://cdn-icons-png.flaticon.com/512/149/149071.png', 'SV003', 'Hệ thống thông tin', 'male', '2025-01-18 11:00:00', '2025-01-18 11:00:00'),
('55555555-5555-5555-5555-555555555555', 'Phạm Thị Dung', 'phamthidung@qlda.com', '$2b$10$JYWnYbIPzz5S3Wckoh36huKx4dg1zXmo8d/rOBWEUj.VCDhs.etYS', '1997-09-12', 'https://cdn-icons-png.flaticon.com/512/149/149071.png', 'SV004', 'Công nghệ thông tin', 'female', '2025-01-19 12:00:00', '2025-01-19 12:00:00'),
('66666666-6666-6666-6666-666666666666', 'Hoàng Văn Em', 'hoangvanem@qlda.com', '$2b$10$JYWnYbIPzz5S3Wckoh36huKx4dg1zXmo8d/rOBWEUj.VCDhs.etYS', '1995-11-30', 'https://cdn-icons-png.flaticon.com/512/149/149071.png', 'SV005', 'Kỹ thuật phần mềm', 'male', '2025-01-20 13:00:00', '2025-01-20 13:00:00'),
('77777777-7777-7777-7777-777777777777', 'Vũ Thị Phương', 'vuthiphuong@qlda.com', '$2b$10$JYWnYbIPzz5S3Wckoh36huKx4dg1zXmo8d/rOBWEUj.VCDhs.etYS', '1996-02-14', 'https://cdn-icons-png.flaticon.com/512/149/149071.png', 'SV006', 'Hệ thống thông tin', 'female', '2025-01-21 14:00:00', '2025-01-21 14:00:00'),
('88888888-8888-8888-8888-888888888888', 'Đỗ Văn Giang', 'dovangiang@qlda.com', '$2b$10$JYWnYbIPzz5S3Wckoh36huKx4dg1zXmo8d/rOBWEUj.VCDhs.etYS', '1994-04-18', 'https://cdn-icons-png.flaticon.com/512/149/149071.png', 'SV007', 'Công nghệ thông tin', 'male', '2025-01-22 15:00:00', '2025-01-22 15:00:00'),
('99999999-9999-9999-9999-999999999999', 'Bùi Thị Hoa', 'buithihoa@qlda.com', '$2b$10$JYWnYbIPzz5S3Wckoh36huKx4dg1zXmo8d/rOBWEUj.VCDhs.etYS', '1997-06-22', 'https://cdn-icons-png.flaticon.com/512/149/149071.png', 'SV008', 'Kỹ thuật phần mềm', 'female', '2025-01-23 16:00:00', '2025-01-23 16:00:00'),
('aaaaaaaa-aaaa-aaaa-aaaa-aaaaaaaaaaaa', 'Ngô Văn Ích', 'ngovanich@qlda.com', '$2b$10$JYWnYbIPzz5S3Wckoh36huKx4dg1zXmo8d/rOBWEUj.VCDhs.etYS', '1995-08-05', 'https://cdn-icons-png.flaticon.com/512/149/149071.png', 'SV009', 'Hệ thống thông tin', 'male', '2025-01-24 17:00:00', '2025-01-24 17:00:00');

-- ============================================
-- 2. GROUPS (3 groups)
-- ============================================

INSERT INTO `groups` (`id`, `name`, `description`, `invite_code`, `leader_id`, `created_at`, `updated_at`) VALUES
('bbbbbbbb-bbbb-bbbb-bbbb-bbbbbbbbbbbb', 'Nhóm Phát triển Phần mềm', 'Nhóm chuyên về phát triển ứng dụng web và mobile', 'GRP001', '22222222-2222-2222-2222-222222222222', '2025-02-15 08:00:00', '2025-02-15 08:00:00'),
('cccccccc-cccc-cccc-cccc-cccccccccccc', 'Nhóm Nghiên cứu AI', 'Nhóm nghiên cứu và ứng dụng trí tuệ nhân tạo', 'GRP002', '44444444-4444-4444-4444-444444444444', '2025-02-16 09:00:00', '2025-02-16 09:00:00'),
('dddddddd-dddd-dddd-dddd-dddddddddddd', 'Nhóm DevOps', 'Nhóm chuyên về triển khai và vận hành hệ thống', 'GRP003', '66666666-6666-6666-6666-666666666666', '2025-02-17 10:00:00', '2025-02-17 10:00:00');

-- ============================================
-- 3. GROUP MEMBERS (15 records)
-- ============================================

INSERT INTO `group_members` (`id`, `group_id`, `user_id`, `role`, `status`, `joined_at`) VALUES
-- Group 1: Nhóm Phát triển Phần mềm
('eeeeeeee-eeee-eeee-eeee-eeeeeeeeeeee', 'bbbbbbbb-bbbb-bbbb-bbbb-bbbbbbbbbbbb', '22222222-2222-2222-2222-222222222222', 'leader', 'accepted', '2025-02-15 08:00:00'),
('ffffffff-ffff-ffff-ffff-ffffffffffff', 'bbbbbbbb-bbbb-bbbb-bbbb-bbbbbbbbbbbb', '33333333-3333-3333-3333-333333333333', 'member', 'accepted', '2025-02-15 08:30:00'),
('11111111-1111-1111-1111-111111111112', 'bbbbbbbb-bbbb-bbbb-bbbb-bbbbbbbbbbbb', '44444444-4444-4444-4444-444444444444', 'member', 'accepted', '2025-02-15 09:00:00'),
('11111111-1111-1111-1111-111111111113', 'bbbbbbbb-bbbb-bbbb-bbbb-bbbbbbbbbbbb', '55555555-5555-5555-5555-555555555555', 'member', 'pending_invite', '2025-02-15 09:30:00'),
('11111111-1111-1111-1111-111111111114', 'bbbbbbbb-bbbb-bbbb-bbbb-bbbbbbbbbbbb', '66666666-6666-6666-6666-666666666666', 'member', 'accepted', '2025-02-15 10:00:00'),
-- Group 2: Nhóm Nghiên cứu AI
('11111111-1111-1111-1111-111111111115', 'cccccccc-cccc-cccc-cccc-cccccccccccc', '44444444-4444-4444-4444-444444444444', 'leader', 'accepted', '2025-02-16 09:00:00'),
('11111111-1111-1111-1111-111111111116', 'cccccccc-cccc-cccc-cccc-cccccccccccc', '77777777-7777-7777-7777-777777777777', 'member', 'accepted', '2025-02-16 09:30:00'),
('11111111-1111-1111-1111-111111111117', 'cccccccc-cccc-cccc-cccc-cccccccccccc', '88888888-8888-8888-8888-888888888888', 'member', 'accepted', '2025-02-16 10:00:00'),
('11111111-1111-1111-1111-111111111118', 'cccccccc-cccc-cccc-cccc-cccccccccccc', '99999999-9999-9999-9999-999999999999', 'member', 'rejected', '2025-02-16 10:30:00'),
('11111111-1111-1111-1111-111111111119', 'cccccccc-cccc-cccc-cccc-cccccccccccc', 'aaaaaaaa-aaaa-aaaa-aaaa-aaaaaaaaaaaa', 'member', 'pending_invite', '2025-02-16 11:00:00'),
-- Group 3: Nhóm DevOps
('11111111-1111-1111-1111-11111111111a', 'dddddddd-dddd-dddd-dddd-dddddddddddd', '66666666-6666-6666-6666-666666666666', 'leader', 'accepted', '2025-02-17 10:00:00'),
('11111111-1111-1111-1111-11111111111b', 'dddddddd-dddd-dddd-dddd-dddddddddddd', '22222222-2222-2222-2222-222222222222', 'member', 'accepted', '2025-02-17 10:30:00'),
('11111111-1111-1111-1111-11111111111c', 'dddddddd-dddd-dddd-dddd-dddddddddddd', '33333333-3333-3333-3333-333333333333', 'member', 'accepted', '2025-02-17 11:00:00'),
('11111111-1111-1111-1111-11111111111d', 'dddddddd-dddd-dddd-dddd-dddddddddddd', '88888888-8888-8888-8888-888888888888', 'member', 'accepted', '2025-02-17 11:30:00'),
('11111111-1111-1111-1111-11111111111e', 'dddddddd-dddd-dddd-dddd-dddddddddddd', 'aaaaaaaa-aaaa-aaaa-aaaa-aaaaaaaaaaaa', 'member', 'pending_invite', '2025-02-17 12:00:00');

-- ============================================
-- 4. PROJECTS (5 projects)
-- ============================================

INSERT INTO `projects` (`id`, `name`, `description`, `start_date`, `deadline`, `status`, `owner_id`, `group_id`, `manager_id`, `created_at`, `updated_at`) VALUES
('22222222-2222-2222-2222-222222222221', 'Website E-commerce', 'Phát triển website bán hàng trực tuyến với đầy đủ tính năng', '2025-03-01', '2025-07-31', 'doing', '22222222-2222-2222-2222-222222222222', 'bbbbbbbb-bbbb-bbbb-bbbb-bbbbbbbbbbbb', '33333333-3333-3333-3333-333333333333', '2025-02-20 08:00:00', '2025-11-30 05:50:00'),
('22222222-2222-2222-2222-222222222223', 'Hệ thống Quản lý Trường học', 'Xây dựng hệ thống quản lý học sinh, giáo viên và lớp học', '2025-04-01', '2025-09-30', 'todo', '44444444-4444-4444-4444-444444444444', 'cccccccc-cccc-cccc-cccc-cccccccccccc', '44444444-4444-4444-4444-444444444444', '2025-02-21 09:00:00', '2025-11-30 05:50:00'),
('22222222-2222-2222-2222-222222222224', 'Ứng dụng Mobile Banking', 'Phát triển ứng dụng ngân hàng di động với tính năng chuyển tiền, thanh toán', '2025-01-01', '2025-06-30', 'doing', '66666666-6666-6666-6666-666666666666', 'dddddddd-dddd-dddd-dddd-dddddddddddd', '66666666-6666-6666-6666-666666666666', '2025-02-22 10:00:00', '2025-11-30 05:50:00'),
('22222222-2222-2222-2222-222222222225', 'Dự án Nghiên cứu Machine Learning', 'Nghiên cứu và ứng dụng ML vào bài toán phân loại hình ảnh', '2025-02-01', '2025-12-31', 'todo', '77777777-7777-7777-7777-777777777777', NULL, '77777777-7777-7777-7777-777777777777', '2025-02-23 11:00:00', '2025-11-30 05:50:00'),
('22222222-2222-2222-2222-222222222226', 'Hệ thống Quản lý Dự án', 'Dự án đã hoàn thành - hệ thống quản lý dự án nội bộ', '2024-07-01', '2025-01-31', 'done', '88888888-8888-8888-8888-888888888888', NULL, NULL, '2025-02-24 12:00:00', '2025-01-31 17:00:00');

-- ============================================
-- 5. PROJECT MEMBERS (12 records)
-- ============================================

INSERT INTO `project_members` (`id`, `project_id`, `user_id`, `role`, `joined_at`) VALUES
-- Project 1: Website E-commerce
('33333333-3333-3333-3333-333333333331', '22222222-2222-2222-2222-222222222221', '22222222-2222-2222-2222-222222222222', 'leader', '2025-02-20 08:00:00'),
('33333333-3333-3333-3333-333333333332', '22222222-2222-2222-2222-222222222221', '33333333-3333-3333-3333-333333333333', 'editor', '2025-02-20 08:30:00'),
('33333333-3333-3333-3333-333333333333', '22222222-2222-2222-2222-222222222221', '44444444-4444-4444-4444-444444444444', 'editor', '2025-02-20 09:00:00'),
('33333333-3333-3333-3333-333333333334', '22222222-2222-2222-2222-222222222221', '55555555-5555-5555-5555-555555555555', 'viewer', '2025-02-20 09:30:00'),
-- Project 2: Hệ thống Quản lý Trường học
('33333333-3333-3333-3333-333333333335', '22222222-2222-2222-2222-222222222223', '44444444-4444-4444-4444-444444444444', 'leader', '2025-02-21 09:00:00'),
('33333333-3333-3333-3333-333333333336', '22222222-2222-2222-2222-222222222223', '77777777-7777-7777-7777-777777777777', 'editor', '2025-02-21 09:30:00'),
('33333333-3333-3333-3333-333333333337', '22222222-2222-2222-2222-222222222223', '88888888-8888-8888-8888-888888888888', 'viewer', '2025-02-21 10:00:00'),
-- Project 3: Ứng dụng Mobile Banking
('33333333-3333-3333-3333-333333333338', '22222222-2222-2222-2222-222222222224', '66666666-6666-6666-6666-666666666666', 'leader', '2025-02-22 10:00:00'),
('33333333-3333-3333-3333-333333333339', '22222222-2222-2222-2222-222222222224', '22222222-2222-2222-2222-222222222222', 'editor', '2025-02-22 10:30:00'),
('33333333-3333-3333-3333-33333333333a', '22222222-2222-2222-2222-222222222224', '33333333-3333-3333-3333-333333333333', 'viewer', '2025-02-22 11:00:00'),
-- Project 4: Dự án Nghiên cứu Machine Learning
('33333333-3333-3333-3333-33333333333b', '22222222-2222-2222-2222-222222222225', '77777777-7777-7777-7777-777777777777', 'leader', '2025-02-23 11:00:00'),
-- Project 5: Hệ thống Quản lý Dự án
('33333333-3333-3333-3333-33333333333c', '22222222-2222-2222-2222-222222222226', '88888888-8888-8888-8888-888888888888', 'leader', '2025-02-24 12:00:00');

-- ============================================
-- 6. COLUMNS (15 columns - 3 mỗi project)
-- ============================================

INSERT INTO `columns` (`id`, `name`, `order`, `project_id`) VALUES
-- Project 1: Website E-commerce
('44444444-4444-4444-4444-444444444441', 'Sprint 1', 0, '22222222-2222-2222-2222-222222222221'),
('44444444-4444-4444-4444-444444444442', 'Sprint 2', 1, '22222222-2222-2222-2222-222222222221'),
('44444444-4444-4444-4444-444444444443', 'Sprint 3', 2, '22222222-2222-2222-2222-222222222221'),
-- Project 2: Hệ thống Quản lý Trường học
('44444444-4444-4444-4444-444444444444', 'Sprint 1', 0, '22222222-2222-2222-2222-222222222223'),
('44444444-4444-4444-4444-444444444445', 'Sprint 2', 1, '22222222-2222-2222-2222-222222222223'),
('44444444-4444-4444-4444-444444444446', 'Sprint 3', 2, '22222222-2222-2222-2222-222222222223'),
-- Project 3: Ứng dụng Mobile Banking
('44444444-4444-4444-4444-444444444447', 'Sprint 1', 0, '22222222-2222-2222-2222-222222222224'),
('44444444-4444-4444-4444-444444444448', 'Sprint 2', 1, '22222222-2222-2222-2222-222222222224'),
('44444444-4444-4444-4444-444444444449', 'Sprint 3', 2, '22222222-2222-2222-2222-222222222224'),
-- Project 4: Dự án Nghiên cứu Machine Learning
('44444444-4444-4444-4444-44444444444a', 'Sprint 1', 0, '22222222-2222-2222-2222-222222222225'),
('44444444-4444-4444-4444-44444444444b', 'Sprint 2', 1, '22222222-2222-2222-2222-222222222225'),
('44444444-4444-4444-4444-44444444444c', 'Sprint 3', 2, '22222222-2222-2222-2222-222222222225'),
-- Project 5: Hệ thống Quản lý Dự án
('44444444-4444-4444-4444-44444444444d', 'Sprint 1', 0, '22222222-2222-2222-2222-222222222226'),
('44444444-4444-4444-4444-44444444444e', 'Sprint 2', 1, '22222222-2222-2222-2222-222222222226'),
('44444444-4444-4444-4444-44444444444f', 'Sprint 3', 2, '22222222-2222-2222-2222-222222222226');

-- ============================================
-- 7. LABELS (10 labels)
-- ============================================

INSERT INTO `labels` (`id`, `name`, `color`, `description`, `project_id`) VALUES
-- Project 1
('55555555-5555-5555-5555-555555555551', 'Lỗi', '#dc3545', 'Lỗi cần sửa', '22222222-2222-2222-2222-222222222221'),
('55555555-5555-5555-5555-555555555552', 'Tính năng', '#28a745', 'Tính năng mới', '22222222-2222-2222-2222-222222222221'),
('55555555-5555-5555-5555-555555555553', 'Khẩn cấp', '#ffc107', 'Khẩn cấp', '22222222-2222-2222-2222-222222222221'),
-- Project 2
('55555555-5555-5555-5555-555555555554', 'Giao diện', '#007bff', 'Công việc frontend', '22222222-2222-2222-2222-222222222223'),
('55555555-5555-5555-5555-555555555555', 'Hệ thống', '#6f42c1', 'Công việc backend', '22222222-2222-2222-2222-222222222223'),
-- Project 3
('55555555-5555-5555-5555-555555555556', 'API', '#17a2b8', 'Phát triển API', '22222222-2222-2222-2222-222222222224'),
('55555555-5555-5555-5555-555555555557', 'Kiểm thử', '#20c997', 'Kiểm thử', '22222222-2222-2222-2222-222222222224'),
-- Project 4
('55555555-5555-5555-5555-555555555558', 'Nghiên cứu', '#fd7e14', 'Nghiên cứu', '22222222-2222-2222-2222-222222222225'),
-- Project 5
('55555555-5555-5555-5555-555555555559', 'Tài liệu', '#6c757d', 'Tài liệu', '22222222-2222-2222-2222-222222222226'),
('55555555-5555-5555-5555-55555555555a', 'Triển khai', '#e83e8c', 'Triển khai', '22222222-2222-2222-2222-222222222226');

-- ============================================
-- 8. TASKS (20 tasks)
-- ============================================

INSERT INTO `tasks` (`id`, `title`, `description`, `start_date`, `due_date`, `status`, `priority`, `position`, `progress`, `completed_at`, `created_by`, `column_id`, `created_at`, `updated_at`) VALUES
-- Project 1 - Sprint 1
('66666666-6666-6666-6666-666666666661', 'Thiết kế giao diện trang chủ', 'Thiết kế UI/UX cho trang chủ website', '2025-03-05 08:00:00', '2025-03-20 17:00:00', 'todo', 'high', '0.000', 0, NULL, '22222222-2222-2222-2222-222222222222', '44444444-4444-4444-4444-444444444441', '2025-03-01 08:00:00', '2025-03-01 08:00:00'),
('66666666-6666-6666-6666-666666666662', 'Xây dựng API đăng nhập', 'Phát triển API xác thực người dùng', NULL, '2025-03-25 17:00:00', 'todo', 'high', '1.000', 0, NULL, '33333333-3333-3333-3333-333333333333', '44444444-4444-4444-4444-444444444441', '2025-03-02 09:00:00', '2025-03-02 09:00:00'),
-- Project 1 - Sprint 2
('66666666-6666-6666-6666-666666666663', 'Phát triển module giỏ hàng', 'Xây dựng chức năng thêm, xóa, cập nhật giỏ hàng', '2025-04-10 08:00:00', '2025-05-05 17:00:00', 'todo', 'medium', '0.000', 45, NULL, '44444444-4444-4444-4444-444444444444', '44444444-4444-4444-4444-444444444442', '2025-04-03 10:00:00', '2025-11-15 14:00:00'),
('66666666-6666-6666-6666-666666666664', 'Tích hợp thanh toán', 'Tích hợp cổng thanh toán VNPay', '2025-04-12 08:00:00', '2025-05-10 17:00:00', 'todo', 'high', '1.000', 30, NULL, '33333333-3333-3333-3333-333333333333', '44444444-4444-4444-4444-444444444442', '2025-04-04 11:00:00', '2025-11-16 15:00:00'),
-- Project 1 - Sprint 3
('66666666-6666-6666-6666-666666666665', 'Setup database', 'Khởi tạo database và migration', '2025-02-25 08:00:00', '2025-03-01 17:00:00', 'done', 'medium', '0.000', 100, '2025-03-01 16:30:00', '22222222-2222-2222-2222-222222222222', '44444444-4444-4444-4444-444444444443', '2025-02-25 08:00:00', '2025-03-01 16:30:00'),
('66666666-6666-6666-6666-666666666666', 'Cấu hình CI/CD', 'Thiết lập pipeline tự động', '2025-02-28 08:00:00', '2025-03-05 17:00:00', 'done', 'low', '1.000', 100, '2025-03-05 17:00:00', '44444444-4444-4444-4444-444444444444', '44444444-4444-4444-4444-444444444443', '2025-02-28 08:00:00', '2025-03-05 17:00:00'),
-- Project 2 - Sprint 1
('66666666-6666-6666-6666-666666666667', 'Thiết kế database', 'Thiết kế schema cho hệ thống quản lý trường học', '2025-04-05 08:00:00', '2025-04-20 17:00:00', 'todo', 'high', '0.000', 0, NULL, '44444444-4444-4444-4444-444444444444', '44444444-4444-4444-4444-444444444444', '2025-04-01 08:00:00', '2025-04-01 08:00:00'),
('66666666-6666-6666-6666-666666666668', 'Xây dựng API quản lý học sinh', NULL, NULL, '2025-05-01 17:00:00', 'todo', 'medium', '1.000', 0, NULL, '77777777-7777-7777-7777-777777777777', '44444444-4444-4444-4444-444444444444', '2025-04-02 09:00:00', '2025-04-02 09:00:00'),
-- Project 2 - Sprint 2
('66666666-6666-6666-6666-666666666669', 'Phát triển giao diện quản lý lớp học', 'Xây dựng UI cho module quản lý lớp học', '2025-04-10 08:00:00', '2025-05-15 17:00:00', 'todo', 'medium', '0.000', 60, NULL, '77777777-7777-7777-7777-777777777777', '44444444-4444-4444-4444-444444444445', '2025-04-05 10:00:00', '2025-11-20 11:00:00'),
-- Project 2 - Sprint 3
('66666666-6666-6666-6666-66666666666a', 'Phân tích yêu cầu', 'Phân tích và tài liệu hóa yêu cầu dự án', '2025-02-15 08:00:00', '2025-02-28 17:00:00', 'done', 'high', '0.000', 100, '2025-02-28 16:00:00', '44444444-4444-4444-4444-444444444444', '44444444-4444-4444-4444-444444444446', '2025-02-15 08:00:00', '2025-02-28 16:00:00'),
-- Project 3 - Sprint 1
('66666666-6666-6666-6666-66666666666b', 'Thiết kế kiến trúc hệ thống', 'Thiết kế kiến trúc microservices', '2025-01-15 08:00:00', '2025-02-15 17:00:00', 'todo', 'high', '0.000', 0, NULL, '66666666-6666-6666-6666-666666666666', '44444444-4444-4444-4444-444444444447', '2025-01-10 08:00:00', '2025-01-10 08:00:00'),
('66666666-6666-6666-6666-66666666666c', 'Phát triển tính năng chuyển tiền', 'Xây dựng API và UI cho chuyển tiền', NULL, '2025-03-31 17:00:00', 'todo', 'high', '1.000', 0, NULL, '22222222-2222-2222-2222-222222222222', '44444444-4444-4444-4444-444444444447', '2025-01-12 09:00:00', '2025-01-12 09:00:00'),
-- Project 3 - Sprint 2
('66666666-6666-6666-6666-66666666666d', 'Xây dựng module xác thực', 'Phát triển OAuth2 và JWT', '2025-01-10 08:00:00', '2025-02-28 17:00:00', 'todo', 'high', '0.000', 75, NULL, '66666666-6666-6666-6666-666666666666', '44444444-4444-4444-4444-444444444448', '2025-01-05 10:00:00', '2025-11-25 14:00:00'),
('66666666-6666-6666-6666-66666666666e', 'Tích hợp biometric', 'Tích hợp nhận diện vân tay và Face ID', '2025-01-20 08:00:00', '2025-03-15 17:00:00', 'todo', 'medium', '1.000', 50, NULL, '33333333-3333-3333-3333-333333333333', '44444444-4444-4444-4444-444444444448', '2025-01-18 11:00:00', '2025-11-10 15:00:00'),
-- Project 3 - Sprint 3
('66666666-6666-6666-6666-66666666666f', 'Setup môi trường phát triển', 'Cấu hình Docker và development environment', '2025-01-01 08:00:00', '2025-01-15 17:00:00', 'done', 'medium', '0.000', 100, '2025-01-15 16:00:00', '66666666-6666-6666-6666-666666666666', '44444444-4444-4444-4444-444444444449', '2025-01-01 08:00:00', '2025-01-15 16:00:00'),
-- Project 4 - Sprint 1
('66666666-6666-6666-6666-666666666670', 'Nghiên cứu thuật toán CNN', 'Tìm hiểu về Convolutional Neural Networks', '2025-02-01 08:00:00', '2025-03-31 17:00:00', 'todo', 'high', '0.000', 0, NULL, '77777777-7777-7777-7777-777777777777', '44444444-4444-4444-4444-44444444444a', '2025-01-25 08:00:00', '2025-01-25 08:00:00'),
('66666666-6666-6666-6666-666666666671', 'Thu thập dataset', 'Thu thập và làm sạch dữ liệu hình ảnh', NULL, '2025-04-30 17:00:00', 'todo', 'medium', '1.000', 0, NULL, '77777777-7777-7777-7777-777777777777', '44444444-4444-4444-4444-44444444444a', '2025-01-26 09:00:00', '2025-01-26 09:00:00'),
-- Project 4 - Sprint 2
('66666666-6666-6666-6666-666666666672', 'Xây dựng model', 'Phát triển model phân loại hình ảnh', '2025-02-10 08:00:00', '2025-06-30 17:00:00', 'todo', 'high', '0.000', 40, NULL, '77777777-7777-7777-7777-777777777777', '44444444-4444-4444-4444-44444444444b', '2025-02-05 10:00:00', '2025-11-15 11:00:00'),
-- Project 5 - Sprint 3
('66666666-6666-6666-6666-666666666673', 'Hoàn thiện tài liệu', 'Viết tài liệu hướng dẫn sử dụng', '2024-12-01 08:00:00', '2025-01-15 17:00:00', 'done', 'low', '0.000', 100, '2025-01-15 16:00:00', '88888888-8888-8888-8888-888888888888', '44444444-4444-4444-4444-44444444444f', '2024-12-01 08:00:00', '2025-01-15 16:00:00'),
('66666666-6666-6666-6666-666666666674', 'Deploy production', 'Triển khai hệ thống lên production', '2024-12-15 08:00:00', '2025-01-31 17:00:00', 'done', 'high', '1.000', 100, '2025-01-31 17:00:00', '88888888-8888-8888-8888-888888888888', '44444444-4444-4444-4444-44444444444f', '2024-12-15 08:00:00', '2025-01-31 17:00:00');

-- ============================================
-- 9. TASK ASSIGNEES (25 records)
-- ============================================

INSERT INTO `task_assignees` (`task_id`, `user_id`) VALUES
-- Task 1
('66666666-6666-6666-6666-666666666661', '22222222-2222-2222-2222-222222222222'),
('66666666-6666-6666-6666-666666666661', '33333333-3333-3333-3333-333333333333'),
-- Task 2
('66666666-6666-6666-6666-666666666662', '33333333-3333-3333-3333-333333333333'),
('66666666-6666-6666-6666-666666666662', '44444444-4444-4444-4444-444444444444'),
-- Task 3
('66666666-6666-6666-6666-666666666663', '44444444-4444-4444-4444-444444444444'),
('66666666-6666-6666-6666-666666666663', '55555555-5555-5555-5555-555555555555'),
-- Task 4
('66666666-6666-6666-6666-666666666664', '33333333-3333-3333-3333-333333333333'),
-- Task 5
('66666666-6666-6666-6666-666666666665', '22222222-2222-2222-2222-222222222222'),
-- Task 6
('66666666-6666-6666-6666-666666666666', '44444444-4444-4444-4444-444444444444'),
-- Task 7
('66666666-6666-6666-6666-666666666667', '44444444-4444-4444-4444-444444444444'),
('66666666-6666-6666-6666-666666666667', '77777777-7777-7777-7777-777777777777'),
-- Task 8
('66666666-6666-6666-6666-666666666668', '77777777-7777-7777-7777-777777777777'),
-- Task 9
('66666666-6666-6666-6666-666666666669', '77777777-7777-7777-7777-777777777777'),
('66666666-6666-6666-6666-666666666669', '88888888-8888-8888-8888-888888888888'),
-- Task 10
('66666666-6666-6666-6666-66666666666a', '44444444-4444-4444-4444-444444444444'),
-- Task 11
('66666666-6666-6666-6666-66666666666b', '66666666-6666-6666-6666-666666666666'),
('66666666-6666-6666-6666-66666666666b', '22222222-2222-2222-2222-222222222222'),
-- Task 12
('66666666-6666-6666-6666-66666666666c', '22222222-2222-2222-2222-222222222222'),
('66666666-6666-6666-6666-66666666666c', '33333333-3333-3333-3333-333333333333'),
-- Task 13
('66666666-6666-6666-6666-66666666666d', '66666666-6666-6666-6666-666666666666'),
-- Task 14
('66666666-6666-6666-6666-66666666666e', '33333333-3333-3333-3333-333333333333'),
-- Task 15
('66666666-6666-6666-6666-66666666666f', '66666666-6666-6666-6666-666666666666'),
-- Task 16
('66666666-6666-6666-6666-666666666670', '77777777-7777-7777-7777-777777777777'),
-- Task 17
('66666666-6666-6666-6666-666666666671', '77777777-7777-7777-7777-777777777777'),
-- Task 18
('66666666-6666-6666-6666-666666666672', '77777777-7777-7777-7777-777777777777');

-- ============================================
-- 10. TASK LABELS (15 records)
-- ============================================

INSERT INTO `task_labels` (`task_id`, `label_id`) VALUES
-- Task 1 - Lỗi, Tính năng
('66666666-6666-6666-6666-666666666661', '55555555-5555-5555-5555-555555555551'),
('66666666-6666-6666-6666-666666666661', '55555555-5555-5555-5555-555555555552'),
-- Task 2 - Tính năng, Khẩn cấp
('66666666-6666-6666-6666-666666666662', '55555555-5555-5555-5555-555555555552'),
('66666666-6666-6666-6666-666666666662', '55555555-5555-5555-5555-555555555553'),
-- Task 3 - Tính năng
('66666666-6666-6666-6666-666666666663', '55555555-5555-5555-5555-555555555552'),
-- Task 4 - Khẩn cấp
('66666666-6666-6666-6666-666666666664', '55555555-5555-5555-5555-555555555553'),
-- Task 5 - Lỗi
('66666666-6666-6666-6666-666666666665', '55555555-5555-5555-5555-555555555551'),
-- Task 7 - Giao diện, Hệ thống
('66666666-6666-6666-6666-666666666667', '55555555-5555-5555-5555-555555555554'),
('66666666-6666-6666-6666-666666666667', '55555555-5555-5555-5555-555555555555'),
-- Task 8 - Hệ thống
('66666666-6666-6666-6666-666666666668', '55555555-5555-5555-5555-555555555555'),
-- Task 9 - Giao diện
('66666666-6666-6666-6666-666666666669', '55555555-5555-5555-5555-555555555554'),
-- Task 11 - API
('66666666-6666-6666-6666-66666666666b', '55555555-5555-5555-5555-555555555556'),
-- Task 12 - API
('66666666-6666-6666-6666-66666666666c', '55555555-5555-5555-5555-555555555556'),
-- Task 13 - API
('66666666-6666-6666-6666-66666666666d', '55555555-5555-5555-5555-555555555556'),
-- Task 14 - Kiểm thử
('66666666-6666-6666-6666-66666666666e', '55555555-5555-5555-5555-555555555557'),
-- Task 16 - Nghiên cứu
('66666666-6666-6666-6666-666666666670', '55555555-5555-5555-5555-555555555558'),
-- Task 18 - Nghiên cứu
('66666666-6666-6666-6666-666666666672', '55555555-5555-5555-5555-555555555558');

-- ============================================
-- 11. SUBTASKS (30 subtasks)
-- ============================================

INSERT INTO `subtasks` (`id`, `title`, `completed`, `completed_at`, `position`, `task_id`) VALUES
-- Task 1 (3 subtasks)
('77777777-7777-7777-7777-777777777771', 'Thiết kế wireframe', false, NULL, '0.000', '66666666-6666-6666-6666-666666666661'),
('77777777-7777-7777-7777-777777777772', 'Thiết kế mockup', false, NULL, '1.000', '66666666-6666-6666-6666-666666666661'),
('77777777-7777-7777-7777-777777777773', 'Review design', false, NULL, '2.000', '66666666-6666-6666-6666-666666666661'),
-- Task 2 (2 subtasks)
('77777777-7777-7777-7777-777777777774', 'Tạo endpoint đăng nhập', true, '2025-03-10 10:00:00', '0.000', '66666666-6666-6666-6666-666666666662'),
('77777777-7777-7777-7777-777777777775', 'Tạo endpoint đăng ký', false, NULL, '1.000', '66666666-6666-6666-6666-666666666662'),
-- Task 3 (4 subtasks)
('77777777-7777-7777-7777-777777777776', 'Thiết kế database cho giỏ hàng', true, '2025-04-12 14:00:00', '0.000', '66666666-6666-6666-6666-666666666663'),
('77777777-7777-7777-7777-777777777777', 'API thêm sản phẩm vào giỏ', true, '2025-04-14 16:00:00', '1.000', '66666666-6666-6666-6666-666666666663'),
('77777777-7777-7777-7777-777777777778', 'API xóa sản phẩm khỏi giỏ', false, NULL, '2.000', '66666666-6666-6666-6666-666666666663'),
('77777777-7777-7777-7777-777777777779', 'API cập nhật số lượng', false, NULL, '3.000', '66666666-6666-6666-6666-666666666663'),
-- Task 4 (3 subtasks)
('77777777-7777-7777-7777-77777777777a', 'Đăng ký tài khoản VNPay', true, '2025-04-15 09:00:00', '0.000', '66666666-6666-6666-6666-666666666664'),
('77777777-7777-7777-7777-77777777777b', 'Tích hợp API thanh toán', false, NULL, '1.000', '66666666-6666-6666-6666-666666666664'),
('77777777-7777-7777-7777-77777777777c', 'Kiểm thử giao dịch', false, NULL, '2.000', '66666666-6666-6666-6666-666666666664'),
-- Task 5 (2 subtasks - all completed)
('77777777-7777-7777-7777-77777777777d', 'Tạo database schema', true, '2025-02-28 10:00:00', '0.000', '66666666-6666-6666-6666-666666666665'),
('77777777-7777-7777-7777-77777777777e', 'Chạy migration', true, '2025-03-01 15:00:00', '1.000', '66666666-6666-6666-6666-666666666665'),
-- Task 6 (2 subtasks - all completed)
('77777777-7777-7777-7777-77777777777f', 'Cấu hình GitHub Actions', true, '2025-03-03 11:00:00', '0.000', '66666666-6666-6666-6666-666666666666'),
('77777777-7777-7777-7777-777777777780', 'Setup Docker build', true, '2025-03-05 16:00:00', '1.000', '66666666-6666-6666-6666-666666666666'),
-- Task 7 (3 subtasks)
('77777777-7777-7777-7777-777777777781', 'Phân tích yêu cầu database', false, NULL, '0.000', '66666666-6666-6666-6666-666666666667'),
('77777777-7777-7777-7777-777777777782', 'Thiết kế ERD', false, NULL, '1.000', '66666666-6666-6666-6666-666666666667'),
('77777777-7777-7777-7777-777777777783', 'Tạo migration scripts', false, NULL, '2.000', '66666666-6666-6666-6666-666666666667'),
-- Task 8 (2 subtasks)
('77777777-7777-7777-7777-777777777784', 'API danh sách học sinh', false, NULL, '0.000', '66666666-6666-6666-6666-666666666668'),
('77777777-7777-7777-7777-777777777785', 'API thêm/sửa/xóa học sinh', false, NULL, '1.000', '66666666-6666-6666-6666-666666666668'),
-- Task 9 (3 subtasks)
('77777777-7777-7777-7777-777777777786', 'Thiết kế UI', true, '2025-04-12 10:00:00', '0.000', '66666666-6666-6666-6666-666666666669'),
('77777777-7777-7777-7777-777777777787', 'Phát triển components', false, NULL, '1.000', '66666666-6666-6666-6666-666666666669'),
('77777777-7777-7777-7777-777777777788', 'Tích hợp API', false, NULL, '2.000', '66666666-6666-6666-6666-666666666669'),
-- Task 10 (1 subtask - completed)
('77777777-7777-7777-7777-777777777789', 'Hoàn thành phân tích', true, '2025-02-28 15:00:00', '0.000', '66666666-6666-6666-6666-66666666666a'),
-- Task 11 (2 subtasks)
('77777777-7777-7777-7777-77777777778a', 'Nghiên cứu microservices pattern', false, NULL, '0.000', '66666666-6666-6666-6666-66666666666b'),
('77777777-7777-7777-7777-77777777778b', 'Thiết kế service boundaries', false, NULL, '1.000', '66666666-6666-6666-6666-66666666666b'),
-- Task 13 (3 subtasks)
('77777777-7777-7777-7777-77777777778c', 'Phát triển JWT', true, '2025-01-15 14:00:00', '0.000', '66666666-6666-6666-6666-66666666666d'),
('77777777-7777-7777-7777-77777777778d', 'Phát triển OAuth2', false, NULL, '1.000', '66666666-6666-6666-6666-66666666666d'),
('77777777-7777-7777-7777-77777777778e', 'Kiểm thử luồng xác thực', false, NULL, '2.000', '66666666-6666-6666-6666-66666666666d'),
-- Task 14 (2 subtasks)
('77777777-7777-7777-7777-77777777778f', 'Nghiên cứu Face ID API', false, NULL, '0.000', '66666666-6666-6666-6666-66666666666e'),
('77777777-7777-7777-7777-777777777790', 'Nghiên cứu Fingerprint API', false, NULL, '1.000', '66666666-6666-6666-6666-66666666666e');

-- ============================================
-- 12. COMMENTS (25 comments)
-- ============================================

INSERT INTO `comments` (`id`, `content`, `user_id`, `task_id`, `file_url`, `created_at`, `updated_at`) VALUES
-- Task 1
('88888888-8888-8888-8888-888888888881', 'Tôi đã hoàn thành wireframe, mọi người review giúp nhé', '22222222-2222-2222-2222-222222222222', '66666666-6666-6666-6666-666666666661', NULL, '2025-03-05 10:00:00', '2025-03-05 10:00:00'),
('88888888-8888-8888-8888-888888888882', 'Thiết kế đẹp quá!', '33333333-3333-3333-3333-333333333333', '66666666-6666-6666-6666-666666666661', NULL, '2025-03-05 11:00:00', '2025-03-05 11:00:00'),
-- Task 2
('88888888-8888-8888-8888-888888888883', 'API đã sẵn sàng để test', '33333333-3333-3333-3333-333333333333', '66666666-6666-6666-6666-666666666662', NULL, '2025-03-08 14:00:00', '2025-03-08 14:00:00'),
('88888888-8888-8888-8888-888888888884', 'Cần thêm validation cho email', '44444444-4444-4444-4444-444444444444', '66666666-6666-6666-6666-666666666662', NULL, '2025-03-08 15:00:00', '2025-03-08 15:00:00'),
-- Task 3
('88888888-8888-8888-8888-888888888885', 'Đã implement xong API thêm sản phẩm', '44444444-4444-4444-4444-444444444444', '66666666-6666-6666-6666-666666666663', NULL, '2025-04-14 16:30:00', '2025-04-14 16:30:00'),
('88888888-8888-8888-8888-888888888886', 'Cần test với nhiều sản phẩm hơn', '55555555-5555-5555-5555-555555555555', '66666666-6666-6666-6666-666666666663', NULL, '2025-04-15 09:00:00', '2025-04-15 09:00:00'),
-- Task 4
('88888888-8888-8888-8888-888888888887', 'Đã đăng ký tài khoản VNPay thành công', '33333333-3333-3333-3333-333333333333', '66666666-6666-6666-6666-666666666664', NULL, '2025-04-15 09:30:00', '2025-04-15 09:30:00'),
('88888888-8888-8888-8888-888888888888', 'Tài liệu API: https://sandbox.vnpayment.vn/apis/', '33333333-3333-3333-3333-333333333333', '66666666-6666-6666-6666-666666666664', 'uploads/vnpay-docs.pdf', '2025-04-15 10:00:00', '2025-04-15 10:00:00'),
-- Task 5
('88888888-8888-8888-8888-888888888889', 'Database đã setup xong', '22222222-2222-2222-2222-222222222222', '66666666-6666-6666-6666-666666666665', NULL, '2025-03-01 16:00:00', '2025-03-01 16:00:00'),
-- Task 6
('88888888-8888-8888-8888-88888888888a', 'Pipeline CI/CD hoạt động tốt', '44444444-4444-4444-4444-444444444444', '66666666-6666-6666-6666-666666666666', NULL, '2025-03-05 17:30:00', '2025-03-05 17:30:00'),
-- Task 7
('88888888-8888-8888-8888-88888888888b', 'Bắt đầu phân tích database', '44444444-4444-4444-4444-444444444444', '66666666-6666-6666-6666-666666666667', NULL, '2025-04-05 08:30:00', '2025-04-05 08:30:00'),
('88888888-8888-8888-8888-88888888888c', 'Cần thêm bảng điểm số', '77777777-7777-7777-7777-777777777777', '66666666-6666-6666-6666-666666666667', NULL, '2025-04-05 10:00:00', '2025-04-05 10:00:00'),
-- Task 8
('88888888-8888-8888-8888-88888888888d', 'API đang được phát triển', '77777777-7777-7777-7777-777777777777', '66666666-6666-6666-6666-666666666668', NULL, '2025-04-10 09:00:00', '2025-04-10 09:00:00'),
-- Task 9
('88888888-8888-8888-8888-88888888888e', 'Thiết kế giao diện đã hoàn thành', '77777777-7777-7777-7777-777777777777', '66666666-6666-6666-6666-666666666669', NULL, '2025-04-12 10:30:00', '2025-04-12 10:30:00'),
('88888888-8888-8888-8888-88888888888f', 'Cần responsive cho mobile', '88888888-8888-8888-8888-888888888888', '66666666-6666-6666-6666-666666666669', NULL, '2025-04-13 11:00:00', '2025-04-13 11:00:00'),
-- Task 10
('88888888-8888-8888-8888-888888888890', 'Tài liệu yêu cầu đã được phê duyệt', '44444444-4444-4444-4444-444444444444', '66666666-6666-6666-6666-66666666666a', NULL, '2025-02-28 16:30:00', '2025-02-28 16:30:00'),
-- Task 11
('88888888-8888-8888-8888-888888888891', 'Đang nghiên cứu kiến trúc', '66666666-6666-6666-6666-666666666666', '66666666-6666-6666-6666-66666666666b', NULL, '2025-01-12 09:00:00', '2025-01-12 09:00:00'),
-- Task 12
('88888888-8888-8888-8888-888888888892', 'Bắt đầu phát triển chức năng chuyển tiền', '22222222-2222-2222-2222-222222222222', '66666666-6666-6666-6666-66666666666c', NULL, '2025-01-15 10:00:00', '2025-01-15 10:00:00'),
('88888888-8888-8888-8888-888888888893', 'Cần xử lý transaction', '33333333-3333-3333-3333-333333333333', '66666666-6666-6666-6666-66666666666c', NULL, '2025-01-16 11:00:00', '2025-01-16 11:00:00'),
-- Task 13
('88888888-8888-8888-8888-888888888894', 'JWT đã phát triển xong', '66666666-6666-6666-6666-666666666666', '66666666-6666-6666-6666-66666666666d', NULL, '2025-01-15 14:30:00', '2025-01-15 14:30:00'),
('88888888-8888-8888-8888-888888888895', 'OAuth2 đang trong quá trình phát triển', '66666666-6666-6666-6666-666666666666', '66666666-6666-6666-6666-66666666666d', NULL, '2025-01-20 15:00:00', '2025-01-20 15:00:00'),
-- Task 14
('88888888-8888-8888-8888-888888888896', 'Đang nghiên cứu Face ID', '33333333-3333-3333-3333-333333333333', '66666666-6666-6666-6666-66666666666e', NULL, '2025-01-25 10:00:00', '2025-01-25 10:00:00'),
-- Task 16
('88888888-8888-8888-8888-888888888897', 'Bắt đầu nghiên cứu CNN', '77777777-7777-7777-7777-777777777777', '66666666-6666-6666-6666-666666666670', NULL, '2025-02-01 08:30:00', '2025-02-01 08:30:00'),
('88888888-8888-8888-8888-888888888898', 'Tài liệu tham khảo: https://example.com/cnn', '77777777-7777-7777-7777-777777777777', '66666666-6666-6666-6666-666666666670', 'uploads/cnn-research.pdf', '2025-02-02 09:00:00', '2025-02-02 09:00:00'),
-- Task 17
('88888888-8888-8888-8888-888888888899', 'Đang thu thập dataset từ Kaggle', '77777777-7777-7777-7777-777777777777', '66666666-6666-6666-6666-666666666671', NULL, '2025-02-10 10:00:00', '2025-02-10 10:00:00'),
-- Task 18
('88888888-8888-8888-8888-88888888889a', 'Model đang được train', '77777777-7777-7777-7777-777777777777', '66666666-6666-6666-6666-666666666672', NULL, '2025-02-15 11:30:00', '2025-02-15 11:30:00'),
('88888888-8888-8888-8888-88888888889b', 'Độ chính xác đạt 85%', '77777777-7777-7777-7777-777777777777', '66666666-6666-6666-6666-666666666672', NULL, '2025-02-20 14:00:00', '2025-02-20 14:00:00'),
-- Task 19
('88888888-8888-8888-8888-88888888889c', 'Tài liệu đã hoàn thành', '88888888-8888-8888-8888-888888888888', '66666666-6666-6666-6666-666666666673', NULL, '2025-01-15 16:00:00', '2025-01-15 16:00:00'),
-- Task 20
('88888888-8888-8888-8888-88888888889d', 'Triển khai thành công lên môi trường production', '88888888-8888-8888-8888-888888888888', '66666666-6666-6666-6666-666666666674', NULL, '2025-01-31 17:30:00', '2025-01-31 17:30:00');

-- ============================================
-- 13. COMMENT MENTIONS (10 records)
-- ============================================

INSERT INTO `comment_mentions` (`comment_id`, `user_id`) VALUES
-- Comment 2 - mention user 2
('88888888-8888-8888-8888-888888888882', '22222222-2222-2222-2222-222222222222'),
-- Comment 4 - mention user 3
('88888888-8888-8888-8888-888888888884', '33333333-3333-3333-3333-333333333333'),
-- Comment 6 - mention user 4
('88888888-8888-8888-8888-888888888886', '44444444-4444-4444-4444-444444444444'),
-- Comment 8 - mention user 2 và 4
('88888888-8888-8888-8888-888888888888', '22222222-2222-2222-2222-222222222222'),
('88888888-8888-8888-8888-888888888888', '44444444-4444-4444-4444-444444444444'),
-- Comment 10 - mention user 2
('88888888-8888-8888-8888-88888888888a', '22222222-2222-2222-2222-222222222222'),
-- Comment 12 - mention user 4
('88888888-8888-8888-8888-88888888888c', '44444444-4444-4444-4444-444444444444'),
-- Comment 15 - mention user 7
('88888888-8888-8888-8888-88888888888f', '77777777-7777-7777-7777-777777777777'),
-- Comment 19 - mention user 2
('88888888-8888-8888-8888-888888888893', '22222222-2222-2222-2222-222222222222'),
-- Comment 25 - mention user 7
('88888888-8888-8888-8888-88888888889b', '77777777-7777-7777-7777-777777777777');

SET FOREIGN_KEY_CHECKS = 1;

